Year	Team	TeamID	Medal	Championship	nb of awards	Finalist	Winner
2014	Beijing_HDFLS_High	1283	blocked	0	0	0	0
2014	BHSF-Beijing	1264	blocked	0	0	0	0
2014	CSIA-SouthKorea	1297	blocked	0	0	0	0
2014	Elan_Vital_South_Korea	1301	blocked	0	0	0	0
2014	HSAAHNU_Anhui	1286	blocked	0	0	0	0
2014	Mingdao	1256	blocked	0	0	0	0
2014	Nanjing_NFLS	1252	blocked	0	0	0	0
2014	Shenzhen_SFLS	1260	blocked	0	0	0	0
2014	Shenzhen_SZMS	1288	blocked	0	0	0	0
2014	SKLBC-China	1299	blocked	0	0	0	0
2014	TAS_Taipei	1253	blocked	0	0	0	0
2014	Anatolia_Greece	1302	blocked	0	0	0	0
2014	AUC_TURKEY	1291	blocked	0	0	0	0
2014	HUNGENIOUS	1293	blocked	0	0	0	0
2014	METUHS-Ankara	1285	blocked	0	0	0	0
2014	NGSS_TR	1290	blocked	0	0	0	0
2014	St_Pauls_London	1271	blocked	0	0	0	0
2014	UCL_Academy	1257	blocked	0	0	0	0
2014	CIDEB-UANL_Mexico	1255	blocked	0	0	0	0
2014	GenetiX_Tec_CCM	1278	blocked	0	0	0	0
2014	Acton-BoxboroughRHS	1261	blocked	0	0	0	0
2014	AMSA_WeColi	1281	blocked	0	0	0	0
2014	BioScience_Dragons_AZ	1263	blocked	0	0	0	0
2014	Biotech_HS	1265	blocked	0	0	0	0
2014	biYOLOgists	1303	blocked	0	0	0	0
2014	CAPS_Kansas	1248	blocked	0	0	0	0
2014	Charlottesville_RS	1282	blocked	0	0	0	0
2014	CoBRA	1298	blocked	0	0	0	0
2014	Consort_Alberta	1267	blocked	0	0	0	0
2014	CSWProteens	1251	blocked	0	0	0	0
2014	Enloe_Raleigh	1294	blocked	0	0	0	0
2014	FHS_Frederick_MD	1269	blocked	0	0	0	0
2014	HTHS_Trussville_AL	1273	blocked	0	0	0	0
2014	Jefferson_VA_SciCOS	1274	blocked	0	0	0	0
2014	Lambert_GA	1266	blocked	0	0	0	0
2014	Lethbridge_Canada	1292	blocked	0	0	0	0
2014	Montgomery_Cougars_NJUSA	1249	blocked	0	0	0	0
2014	NC_School_Sci_Math	1276	blocked	0	0	0	0
2014	OLS_Canmore_AB_CA	1268	blocked	0	0	0	0
2014	PEA_Exeter_NH	1277	blocked	0	0	0	0
2014	Penn_Mishawaka_IN	1272	blocked	0	0	0	0
2014	RAMNOTIREN_CALGARY	1295	blocked	0	0	0	0
2014	Ravenwood_Raptors	1304	blocked	0	0	0	0
2014	Shasta_Summit_CA	1270	blocked	0	0	0	0
2014	SMTexas	1280	blocked	0	0	0	0
2014	StuyGem_NYC	1300	blocked	0	0	0	0
2014	The_Agency_EscondidoCA	1296	blocked	0	0	0	0
2014	TP_CC-SanDiego	1254	blocked	0	0	0	0
2014	USP-OWLS-PA	1262	blocked	0	0	0	0
2014	WalthamHS_BioHawks	1259	blocked	0	0	0	0
2014	AHUT_China	1341	silver	0	0	0	0
2014	Auckland_New_Zealand	1530	None	0	0	0	0
2014	BIT	1407	silver	0	0	0	0
2014	BIT-China	1325	gold	0	0	0	0
2014	BNU-China	1405	gold	0	0	0	0
2014	BUCT-China	1513	bronze	0	0	0	0
2014	CAU_China	1421	silver	0	0	0	0
2014	CityU_HK	1472	gold	0	0	0	0
2014	Fudan	1440	gold	0	0	0	0
2014	Gifu	1332	silver	0	0	0	0
2014	HFUT_CHINA	1451	gold	0	0	0	0
2014	HIT-Harbin	1437	bronze	0	0	0	0
2014	HNU_China	1327	None	0	0	0	0
2014	HokkaidoU_Japan	1524	bronze	0	0	0	0
2014	Hong_Kong-CUHK	1314	gold	0	0	0	0
2014	Hong_Kong_HKU	1428	silver	0	0	0	0
2014	Hong_Kong_HKUST	1379	gold	0	0	0	0
2014	HUST-China	1393	silver	0	0	0	0
2014	HUST-Innovators	1551	bronze	0	0	0	0
2014	HZAU-China	1368	gold	0	0	0	0
2014	IIT_Delhi	1395	bronze	0	0	0	0
2014	ITB_Indonesia	1387	gold	0	0	0	0
2014	Jilin_China	1432	silver	0	0	0	0
2014	KAIT_JAPAN	1414	None	0	0	0	0
2014	KIT-Kyoto	1448	silver	0	0	0	0
2014	Korea_U_Seoul	1377	None	0	0	0	0
2014	Kyoto	1312	gold	0	0	0	0
2014	LZU-China	1523	silver	0	0	0	0
2014	Macquarie_Australia	1326	gold	0	0	0	0
2014	Melbourne	1394	bronze	0	0	0	0
2014	Nagahama	1342	silver	0	0	0	0
2014	Nanjing-China	1520	silver	0	0	0	0
2014	Nankai	1331	None	0	0	0	0
2014	NCTU_Formosa	1415	gold	0	4	1	0
2014	NEAU-Harbin	1485	bronze	0	0	0	0
2014	NEFU_China	1509	silver	0	0	0	0
2014	NJAU_China	1555	silver	0	0	0	0
2014	NJU-QIBEBT	1402	bronze	0	0	0	0
2014	NTU_Taida	1507	gold	0	0	0	0
2014	NUDT_CHINA	1532	gold	0	0	0	0
2014	NU_Kazakhstan	1335	bronze	0	0	0	0
2014	NYMU-Taipei	1510	gold	0	0	0	0
2014	OUC-China	1439	bronze	0	0	0	0
2014	Peking	1378	gold	0	0	0	0
2014	SCAU-China	1373	gold	0	0	0	0
2014	SCU-China	1375	bronze	0	0	0	0
2014	SCUT	1462	silver	0	0	0	0
2014	SCUT-China	1371	silver	0	0	0	0
2014	SJTU-BioX-Shanghai	1453	bronze	0	0	0	0
2014	SJTU-Software	1479	gold	0	0	0	0
2014	Sumbawagen	1508	bronze	0	1	0	0
2014	SUSTC-Shenzhen	1431	gold	0	0	0	0
2014	SYSU-China	1333	bronze	0	1	0	0
2014	SYSU-Software	1340	gold	0	1	0	0
2014	SZU-China	1350	gold	0	0	0	0
2014	TCU_Taiwan	1473	bronze	0	0	0	0
2014	Tianjin	1361	bronze	0	0	0	0
2014	Tokyo-NoKoGen	1339	gold	0	0	0	0
2014	Tokyo_Tech	1529	gold	0	1	0	0
2014	Tongji	1360	silver	0	0	0	0
2014	Tsinghua	1328	silver	0	0	0	0
2014	Tsinghua-A	1311	bronze	0	0	0	0
2014	UB_Indonesia	1367	bronze	0	0	0	0
2014	UESTC-China	1537	silver	0	0	0	0
2014	UESTC-Software	1535	gold	0	0	0	0
2014	UI-Indonesia	1344	gold	0	0	0	0
2014	USTC-China	1363	gold	0	0	0	0
2014	USTC-Software	1376	gold	0	0	0	0
2014	UST_Beijing	1348	bronze	0	0	0	0
2014	USyd-Australia	1388	bronze	0	0	0	0
2014	UT-Tokyo	1461	gold	0	0	0	0
2014	WHU-China	1334	None	0	0	0	0
2014	WHU-Pharm	1561	None	0	0	0	0
2014	XMU-China	1412	gold	0	0	0	0
2014	ZJU-China	1433	bronze	0	0	0	0
2014	Aachen	1319	gold	0	3	0	0
2014	Aalto-Helsinki	1443	blocked	0	1	0	0
2014	Aberdeen_Scotland	1352	gold	0	2	0	0
2014	Aix-Marseille	1349	gold	0	0	0	0
2014	AMU-Poznan	1436	gold	0	0	0	0
2014	ATOMS-Turkiye	1456	gold	0	0	0	0
2014	Berlin	1438	gold	0	0	0	0
2014	BGU_Israel	1458	None	0	0	0	0
2014	Bielefeld-CeBiTec	1465	gold	0	0	0	0
2014	Bordeaux	1317	bronze	0	0	0	0
2014	Braunschweig	1390	gold	0	0	0	0
2014	Cambridge-JIC	1484	gold	0	0	0	0
2014	DTU-Denmark	1330	gold	0	1	0	0
2014	Dundee	1315	gold	0	3	0	0
2014	Edinburgh	1399	gold	0	0	0	0
2014	EPF_Lausanne	1486	gold	0	0	0	0
2014	ETH_Zurich	1541	gold	0	1	0	0
2014	Evry	1413	bronze	0	0	0	0
2014	Exeter	1398	gold	0	0	0	0
2014	Freiburg	1470	gold	0	0	0	0
2014	Glasgow	1463	gold	0	0	0	0
2014	Goettingen	1430	bronze	0	0	0	0
2014	Gothenburg	1503	None	0	1	0	0
2014	Groningen	1365	gold	0	0	0	0
2014	Hannover	1478	silver	0	0	0	0
2014	Heidelberg	1362	gold	0	5	1	1
2014	Imperial	1321	gold	0	4	1	0
2014	INSA-Lyon	1404	gold	0	1	0	0
2014	Kent	1454	bronze	0	0	0	0
2014	Linkoping_Sweden	1447	bronze	0	0	0	0
2014	LMU-Munich	1351	gold	0	1	0	0
2014	London_BioHackspace	1337	None	0	0	0	0
2014	Manchester	1434	None	0	0	0	0
2014	Marburg	1329	gold	0	0	0	0
2014	METU_Turkey	1392	bronze	0	0	0	0
2014	NRP-UEA-Norwich	1467	gold	0	0	0	0
2014	NTNU_Trondheim	1424	gold	0	0	0	0
2014	Oxford	1446	gold	0	0	0	0
2014	Paris_Bettencourt	1403	gold	0	2	0	0
2014	Paris_Saclay	1372	gold	0	0	0	0
2014	PoznanBioInf	1481	None	0	0	0	0
2014	PoznanSoft	1482	bronze	0	0	0	0
2014	Reading	1476	bronze	0	0	0	0
2014	Saarland	1469	silver	0	0	0	0
2014	SDU-Denmark	1475	gold	0	1	0	0
2014	Sheffield	1498	gold	0	0	0	0
2014	Technion-Israel	1343	gold	0	0	0	0
2014	Toulouse	1364	gold	0	1	0	0
2014	Tuebingen	1483	bronze	0	0	0	0
2014	TU_Darmstadt	1497	gold	0	4	1	0
2014	TU_Delft-Leiden	1316	gold	0	1	0	0
2014	TU_Eindhoven	1492	gold	0	1	0	0
2014	UCC_Ireland	1518	blocked	0	0	0	0
2014	UCL	1336	gold	0	0	0	0
2014	UiOslo_Norway	1466	bronze	0	0	0	0
2014	ULB-Brussels	1318	None	0	0	0	0
2014	UNIK_Copenhagen	1525	None	0	0	0	0
2014	Uppsala	1381	gold	0	0	0	0
2014	Valencia_Biocampus	1468	gold	0	0	0	0
2014	Valencia_UPV	1554	gold	0	1	0	0
2014	Wageningen_UR	1493	gold	0	4	1	0
2014	Warsaw	1459	bronze	0	0	0	0
2014	Warwick	1442	gold	0	0	0	0
2014	York	1526	silver	0	0	0	0
2014	BIOSINT_Mexico	1471	bronze	0	0	0	0
2014	Brasil-SP	1521	bronze	0	0	0	0
2014	Colombia	1455	gold	0	0	0	0
2014	ITESM-CEM	1313	silver	0	0	0	0
2014	ITESM-Guadalajara	1544	blocked	0	2	0	0
2014	LIKA-CESAR-Brasil	1565	silver	0	0	0	0
2014	Tec-Monterrey	1366	gold	0	0	0	0
2014	UANL_Mty-Mexico	1480	silver	0	0	0	0
2014	UFAM_Brazil	1355	gold	0	0	0	0
2014	UFMG_Brazil	1514	None	0	0	0	0
2014	UMayor-Chile	1538	None	0	0	0	0
2014	Virtus-Parva_Mexico	1488	None	0	0	0	0
2014	Zamorano	1411	bronze	0	0	0	0
2014	Arizona_State	1502	bronze	0	0	0	0
2014	ArtCenter_MDP	1543	None	0	1	0	0
2014	Austin_Texas	1416	gold	0	0	0	0
2014	BostonU	1401	gold	0	0	0	0
2014	British_Columbia	1450	bronze	0	0	0	0
2014	BUGSS_Baltimore	1550	None	0	0	0	0
2014	BYU_Provo	1356	silver	0	0	0	0
2014	Calgary	1444	gold	0	0	0	0
2014	Caltech	1369	bronze	0	0	0	0
2014	Carnegie_Mellon	1491	gold	0	1	0	0
2014	Concordia	1547	silver	0	0	0	0
2014	Cooper_Union	1354	gold	0	0	0	0
2014	Cornell	1460	gold	0	0	0	0
2014	CSU_Fort_Collins	1495	None	0	0	0	0
2014	CU-Boulder	1445	silver	0	0	0	0
2014	Duke	1545	gold	0	0	0	0
2014	Gaston_Day_School	1320	gold	0	0	0	0
2014	Genspace	1429	gold	0	0	0	0
2014	GeorgiaTech	1539	silver	0	0	0	0
2014	Georgia_State	1441	bronze	0	0	0	0
2014	GES_NCSU_Raleigh_NC	1566	silver	0	1	0	0
2014	Greensboro_Aggies	1426	None	0	0	0	0
2014	Harrisburg_NBT	1528	None	0	0	0	0
2014	Harvard_BioDesign	1457	bronze	0	0	0	0
2014	Hendrix_Arkansas	1504	None	0	0	0	0
2014	IvyTech_SouthBend_IN	1477	silver	0	0	0	0
2014	LA_Biohackers	1452	None	0	0	0	0
2014	Lethbridge	1419	gold	0	0	0	0
2014	Michigan	1519	silver	0	0	0	0
2014	Michigan_Software	1562	bronze	0	0	0	0
2014	Minnesota	1420	gold	0	1	0	0
2014	Missouri_Miners	1370	bronze	0	0	0	0
2014	MIT	1391	gold	0	0	0	0
2014	Nevada	1347	silver	0	0	0	0
2014	Northwestern	1417	bronze	0	0	0	0
2014	OU_Norman	1558	bronze	0	0	0	0
2014	Penn	1505	bronze	0	0	0	0
2014	Penn_State	1506	gold	0	0	0	0
2014	Pitt	1548	silver	0	0	0	0
2014	Purdue	1422	None	0	0	0	0
2014	Queens_Canada	1435	bronze	0	0	0	0
2014	RHIT	1501	None	0	0	0	0
2014	Rutgers	1556	None	0	0	0	0
2014	SF_Bay_Area_DIYbio	1531	gold	0	1	0	0
2014	StanfordBrownSpelman	1499	gold	0	0	0	0
2014	Stony_Brook	1382	bronze	0	0	0	0
2014	The_Tech_Museum	1517	silver	0	0	0	0
2014	Toronto	1559	bronze	0	0	0	0
2014	Tufts	1427	gold	0	0	0	0
2014	UC-Santa_Cruz-BioE	1564	None	0	0	0	0
2014	UChicago	1500	bronze	0	0	0	0
2014	UCLA	1384	bronze	0	0	0	0
2014	UCSC	1560	bronze	0	0	0	0
2014	UCSD_Software	1353	gold	0	0	0	0
2014	UCSF_UCB	1346	gold	0	1	0	0
2014	UC_Davis	1324	gold	0	3	1	1
2014	UC_Santa_Barbara	1386	bronze	0	0	0	0
2014	UGA-Georgia	1383	bronze	0	0	0	0
2014	UIUC_Illinois	1380	None	0	0	0	0
2014	UMaryland	1489	gold	0	0	0	0
2014	uOttawa	1400	silver	0	0	0	0
2014	UT-Dallas	1487	gold	0	0	0	0
2014	Utah_State	1418	gold	0	0	0	0
2014	Vanderbilt	1322	bronze	0	0	0	0
2014	Vanderbilt_MF	1345	bronze	0	0	0	0
2014	Vanderbilt_Software	1449	bronze	0	0	0	0
2014	Virginia	1357	gold	0	0	0	0
2014	Washington	1408	gold	0	0	0	0
2014	WashU_StLouis	1385	silver	0	0	0	0
2014	Waterloo	1323	gold	0	1	0	0
2014	William_and_Mary	1409	bronze	0	0	0	0
2014	WLC-Milwaukee	1406	bronze	0	0	0	0
2014	WPI-Worcester	1423	gold	0	0	0	0
2015	Cairo_Egypt	1854	bronze	0	0	0	0
2015	Pretoria_UP	1768	bronze	0	0	0	0
2015	AHUT_China	1751	silver	0	0	0	0
2015	Amoy	1719	silver	0	0	0	0
2015	ANU-Canberra	1750	bronze	0	0	0	0
2015	BABS_UNSW_Australia	1677	gold	0	0	0	0
2015	BGU_Israel	1699	gold	0	5	1	0
2015	BIT	1651	gold	0	0	0	0
2015	BIT-China	1675	gold	0	1	0	0
2015	BNU-CHINA	1660	silver	0	0	0	0
2015	CAU_China	1657	silver	0	0	0	0
2015	CGU_Taiwan	1728	silver	0	0	0	0
2015	CHINA_CD_UESTC	1779	gold	0	0	0	0
2015	China_Tongji	1634	gold	0	0	0	0
2015	CityU_HK	1695	gold	0	0	0	0
2015	Danzi_Kesh_8	1790	silver	0	0	0	0
2015	Elan_Vital_Korea	1584	bronze	0	0	0	0
2015	FAFU-CHINA	1864	bronze	0	0	0	0
2015	Fudan	1777	silver	0	0	0	0
2015	Gifu	1859	silver	0	0	0	0
2015	H4Z-Hangzhou	1646	None	0	0	0	0
2015	HAFS-Korea	1827	bronze	0	0	0	0
2015	Hangzhou-H14Z	1671	silver	0	0	0	0
2015	HFUT-China	1693	gold	0	0	0	0
2015	HKUST-Rice	1682	gold	0	2	0	0
2015	HokkaidoU_Japan	1714	silver	0	0	0	0
2015	Hong_Kong-CUHK	1648	gold	0	0	0	0
2015	Hong_Kong_HKU	1774	None	0	0	0	0
2015	HSNU-TAIPEI	1613	gold	0	6	0	0
2015	HUST-China	1592	gold	0	2	0	0
2015	HZAU-China	1713	gold	0	1	0	0
2015	IISER_Pune	1780	bronze	0	0	0	0
2015	IIT_Delhi	1866	bronze	0	0	0	0
2015	IIT_Kharagpur	1862	None	0	0	0	0
2015	IIT_Madras	1654	None	0	0	0	0
2015	ITB_INDONESIA	1685	silver	0	0	0	0
2015	Jilin_China	1706	bronze	0	0	0	0
2015	KAIT_Japan	1740	silver	0	0	0	0
2015	Korea_U_Seoul	1754	gold	0	0	0	0
2015	LZU-China	1755	silver	0	0	0	0
2015	Macquarie_Australia	1640	gold	0	3	0	0
2015	Mingdao	1608	None	0	0	0	0
2015	Nagahama	1653	gold	0	0	0	0
2015	Nanjing-China	1701	gold	0	0	0	0
2015	Nanjing_NFLS	1643	None	0	0	0	0
2015	Nankai	1628	bronze	0	0	0	0
2015	NCTU_Formosa	1694	gold	0	0	0	0
2015	NEAU-China	1757	bronze	0	0	0	0
2015	NEFU_China	1666	silver	0	0	0	0
2015	NJAU_China	1649	silver	0	0	0	0
2015	NJU-China	1633	gold	0	3	0	0
2015	NTU-LIHPAO-Taiwan	1841	silver	0	0	0	0
2015	NTU-Singapore	1676	gold	0	0	0	0
2015	NUDT_CHINA	1789	gold	0	1	0	0
2015	NU_Kazakhstan	1828	silver	0	0	0	0
2015	NYMU-Taipei	1769	gold	0	0	0	0
2015	NYU-AD	1867	bronze	0	0	0	0
2015	NYU_Shanghai	1756	silver	0	1	0	0
2015	OUC-China	1679	silver	0	0	0	0
2015	Peking	1689	gold	0	4	0	0
2015	SCUT	1724	silver	0	0	0	0
2015	Scut-Champion-Park	1778	bronze	0	0	0	0
2015	SCUT-China	1720	gold	0	2	0	0
2015	SCU_China	1796	silver	0	0	0	0
2015	Shenzhen_SFLS	1607	silver	0	1	0	0
2015	Shiyan_SY_China	1667	bronze	0	1	0	0
2015	SJTU-BioX-Shanghai	1642	gold	0	0	0	0
2015	SJTU-Software	1759	gold	0	0	0	0
2015	SKLBC-China	1793	None	0	0	0	0
2015	SKLBC-DGSYZX	1794	bronze	0	1	0	0
2015	SPSingapore	1804	silver	0	0	0	0
2015	SVCE_Chennai	1826	bronze	0	0	0	0
2015	Sydney_Australia	1736	gold	0	3	0	0
2015	SYSU-Software	1591	gold	0	1	0	0
2015	SYSU_CHINA	1641	gold	0	0	0	0
2015	SZMS_15_Shenzhen	1687	bronze	0	0	0	0
2015	SZU_China	1722	gold	0	0	0	0
2015	TAS_Taipei	1610	gold	0	8	1	1
2015	TCU_Taiwan	1727	silver	0	0	0	0
2015	Technion_HS_Israel	1767	silver	0	1	0	0
2015	Tianjin	1582	gold	0	3	0	0
2015	TJU	1696	gold	0	1	0	0
2015	Tokyo-NoKoGen	1765	bronze	0	0	0	0
2015	Tokyo_Tech	1632	gold	0	2	0	0
2015	Tsinghua	1797	gold	0	0	0	0
2015	Tsinghua-A	1700	bronze	0	0	0	0
2015	UB_Indonesia	1823	gold	0	0	0	0
2015	UESTC_Software	1782	gold	0	1	0	0
2015	UI_Indonesia	1697	bronze	0	0	0	0
2015	USTC	1593	None	0	0	0	0
2015	USTC-Software	1594	gold	0	0	0	0
2015	UT-Tokyo	1631	silver	0	0	0	0
2015	WHU-China	1647	silver	0	0	0	0
2015	WHU-Pharm	1753	bronze	0	0	0	0
2015	WLSA_Shanghai	1803	None	0	0	0	0
2015	XJTLU-CHINA	1824	silver	0	0	0	0
2015	ZJU-China	1668	gold	0	0	0	0
2015	Aachen	1585	gold	0	2	0	0
2015	Aalto-Helsinki	1655	gold	0	0	0	0
2015	Aix-Marseille	1601	bronze	0	0	0	0
2015	Amsterdam	1844	gold	0	0	0	0
2015	ATOMS-Turkiye	1639	silver	0	1	0	0
2015	AUC_TURKEY	1806	gold	0	1	0	0
2015	Berlin	1617	silver	0	0	0	0
2015	Bielefeld-CeBiTec	1758	gold	0	9	0	0
2015	Birkbeck	1846	bronze	0	0	0	0
2015	Bordeaux	1686	gold	0	0	0	0
2015	Cambridge-JIC	1703	gold	0	4	0	0
2015	Chalmers-Gothenburg	1603	silver	0	0	0	0
2015	Cork_Ireland	1698	gold	0	1	0	0
2015	Czech_Republic	1690	gold	0	8	1	0
2015	DTU-Denmark	1716	gold	0	1	0	0
2015	Dundee	1590	gold	0	0	0	0
2015	Edinburgh	1615	gold	0	2	0	0
2015	EPF_Lausanne	1723	silver	0	0	0	0
2015	ETH_Zurich	1847	gold	0	6	0	0
2015	Evry	1611	silver	0	0	0	0
2015	Exeter	1586	gold	0	0	0	0
2015	FAU_Erlangen	1861	silver	0	0	0	0
2015	Freiburg	1621	gold	0	4	0	0
2015	Glasgow	1725	gold	0	2	0	0
2015	Goettingen	1865	bronze	0	0	0	0
2015	Groningen	1597	gold	0	0	0	0
2015	Hamburg	1860	bronze	0	0	0	0
2015	Heidelberg	1614	gold	0	8	1	0
2015	IONIS_Paris	1616	gold	0	0	0	0
2015	Kent	1739	gold	0	0	0	0
2015	KU_Leuven	1709	gold	0	4	0	0
2015	Leicester	1715	None	0	0	0	0
2015	Linkoping_Sweden	1704	bronze	0	0	0	0
2015	London_Biohackspace	1845	None	0	0	0	0
2015	Manchester-Graz	1670	gold	0	0	0	0
2015	Marburg	1650	gold	0	7	0	0
2015	METU_HS_Ankara	1658	silver	0	5	0	0
2015	METU_Turkey	1606	None	0	0	0	0
2015	NRP-UEA-Norwich	1618	gold	0	2	0	0
2015	NTNU_Trondheim	1840	gold	0	0	0	0
2015	Oxford	1659	gold	0	5	0	0
2015	Paris_Bettencourt	1678	gold	0	3	0	0
2015	Paris_Saclay	1707	bronze	0	0	0	0
2015	Pasteur_Paris	1622	bronze	0	0	0	0
2015	Reading	1708	None	0	0	0	0
2015	SDU-Denmark	1638	gold	0	1	0	0
2015	Slovenia_HS	1669	gold	0	4	0	0
2015	Stockholm	1766	gold	0	1	0	0
2015	Technion_Israel	1674	gold	0	4	0	0
2015	Toulouse	1587	gold	0	1	0	0
2015	TrinityCollegeDublin	1808	gold	0	0	0	0
2015	Tuebingen	1680	gold	0	0	0	0
2015	TU_Darmstadt	1602	gold	0	3	0	0
2015	TU_Delft	1583	gold	0	10	1	1
2015	TU_Dresden	1781	bronze	0	0	0	0
2015	TU_Eindhoven	1761	gold	0	3	0	0
2015	UAM_Poznan	1741	silver	0	0	0	0
2015	UCL	1598	gold	0	2	0	0
2015	UiOslo_Norway	1619	bronze	0	0	0	0
2015	UNIK_Copenhagen	1825	gold	0	2	0	0
2015	UNITN-Trento	1604	gold	0	2	0	0
2015	Uppsala	1688	gold	0	1	0	0
2015	Valencia_UPV	1742	gold	0	0	0	0
2015	Vilnius-Lithuania	1773	gold	0	1	0	0
2015	Warwick	1855	gold	0	0	0	0
2015	Westminster	1748	gold	0	0	0	0
2015	York	1807	gold	0	1	0	0
2015	BIOSINT_Mexico	1684	gold	0	0	0	0
2015	Brasil-USP	1819	gold	0	0	0	0
2015	Colegio_EmelinaU	1664	bronze	0	0	0	0
2015	GenetiX_Tec_CCM	1870	bronze	0	0	0	0
2015	Liceo_Eugenio_Hostos	1663	bronze	0	0	0	0
2015	San_Andres	1665	bronze	0	0	0	0
2015	Tec-Chihuahua	1852	None	0	0	0	0
2015	Tec-Monterrey	1734	silver	0	0	0	0
2015	TecCEM	1636	silver	0	0	0	0
2015	TecCEM_HS	1629	gold	0	0	0	0
2015	Tec_Guadalajara	1801	bronze	0	0	0	0
2015	UAI-Chile	1832	None	0	0	0	0
2015	UChile-OpenBio	1730	None	0	0	0	0
2015	UFMG_Brazil	1776	None	0	2	0	0
2015	UFSCar-Brasil	1620	gold	0	0	0	0
2015	UNAM-CU	1731	silver	0	0	0	0
2015	UNA_Honduras	1588	None	0	0	0	0
2015	Uniandes_Colombia	1786	None	0	0	0	0
2015	Austin_UTexas	1627	gold	0	0	0	0
2015	BostonU	1733	gold	0	1	0	0
2015	British_Columbia	1813	gold	0	2	0	0
2015	BroadRun-NorthernVA	1871	silver	0	4	0	0
2015	Carnegie_Mellon	1732	gold	0	0	0	0
2015	CCA_SanDiego	1762	None	0	0	0	0
2015	Central_Calgary	1821	bronze	0	0	0	0
2015	Columbia_NYC	1848	silver	0	0	0	0
2015	Concordia	1830	bronze	0	0	0	0
2015	Consort_Alberta	1834	gold	0	2	0	0
2015	Cooper_Union	1746	gold	0	0	0	0
2015	Cornell	1595	gold	0	3	0	0
2015	CSU_Fort_Collins	1702	silver	0	0	0	0
2015	CU_Boulder	1718	silver	0	0	0	0
2015	Dalhousie_Halifax_NS	1872	None	0	0	0	0
2015	Duke	1835	silver	0	0	0	0
2015	Gaston_Day_School	1749	bronze	0	0	0	0
2015	Genspace	1799	gold	0	1	0	0
2015	GeorgiaTech	1743	bronze	0	0	0	0
2015	Georgia_State	1800	silver	0	0	0	0
2015	Hamilton_McMaster	1863	None	0	0	0	0
2015	Harvard_BioDesign	1850	gold	0	1	0	0
2015	Lambert_GA	1662	bronze	0	0	0	0
2015	LASATX	1624	gold	0	3	0	0
2015	LaVerne-Leos	1747	bronze	0	0	0	0
2015	Lethbridge	1791	gold	0	0	0	0
2015	Lethbridge_HS	1792	bronze	0	0	0	0
2015	Michigan	1843	None	0	0	0	0
2015	Michigan_Software	1785	bronze	0	0	0	0
2015	Minnesota	1626	None	0	0	0	0
2015	Missouri_Columbia	1805	None	0	0	0	0
2015	Missouri_Rolla	1737	bronze	0	0	0	0
2015	MIT	1705	bronze	0	0	0	0
2015	NAIT_Edmonton	1787	silver	0	0	0	0
2015	Northeastern_Boston	1857	bronze	0	0	0	0
2015	OLS_Canmore_AB_CA	1717	bronze	0	3	0	0
2015	PacificU-Oregon	1710	None	0	0	0	0
2015	Penn	1815	None	0	0	0	0
2015	Pitt	1833	silver	0	0	0	0
2015	Purdue	1772	None	0	0	0	0
2015	Queens_Canada	1831	gold	0	0	0	0
2015	RHIT	1729	bronze	0	0	0	0
2015	Rock_Ridge_Virginia	1721	bronze	0	0	0	0
2015	Santa_Clara	1869	silver	0	0	0	0
2015	SDA-Encinitas	1672	None	0	0	0	0
2015	SF_Bay_Area_DIYBio	1839	bronze	0	0	0	0
2015	Sherbrooke	1744	gold	0	0	0	0
2015	Stanford-Brown	1692	gold	0	4	0	0
2015	Stony_Brook	1810	silver	0	0	0	0
2015	SVA-NYC	1814	gold	0	4	0	0
2015	Toronto	1760	silver	0	1	0	0
2015	TP_CC-SanDiego	1788	bronze	0	1	0	0
2015	Tufts	1818	bronze	0	0	0	0
2015	UChicago	1745	silver	0	0	0	0
2015	UCLA	1763	gold	0	3	0	0
2015	UCSC	1775	None	0	0	0	0
2015	UCSF	1829	gold	0	3	0	0
2015	UC_Davis	1712	gold	0	1	0	0
2015	UC_San_Diego	1842	None	0	0	0	0
2015	UGA-Georgia	1635	gold	0	1	0	0
2015	UIUC_Illinois	1681	silver	0	0	0	0
2015	UMaryland	1783	gold	0	1	0	0
2015	UMass-Dartmouth	1644	None	0	0	0	0
2015	UMBC-Maryland	1811	bronze	0	0	0	0
2015	UNC-Chapel_Hill	1838	silver	0	0	0	0
2015	uOttawa	1652	gold	0	0	0	0
2015	Utah_State	1820	silver	0	0	0	0
2015	Vanderbilt	1673	None	0	0	0	0
2015	Virginia	1600	silver	0	0	0	0
2015	Washington	1711	silver	0	0	0	0
2015	WashU_StLouis	1605	bronze	0	0	0	0
2015	Waterloo	1645	gold	0	3	0	0
2015	Wellesley_TheTech	1735	gold	0	0	0	0
2015	William_and_Mary	1795	gold	0	6	1	1
2015	WLC-Milwaukee	1683	gold	0	1	0	0
2015	WPI-Worcester	1809	gold	0	0	0	0
2016	Ain_Shams-Egypt	1917	bronze	0	0	0	0
2016	Pretoria_UP	2037	silver	0	0	0	0
2016	AHUT_China	2044	bronze	0	0	0	0
2016	ASIJ_Tokyo	1885	bronze	0	0	0	0
2016	BGIC_China	2026	silver	0	0	0	0
2016	BHU_China	1971	None	0	0	0	0
2016	BIT	2041	silver	0	0	0	0
2016	BIT-China	2120	gold	0	0	0	0
2016	BNDS_China	2028	bronze	0	0	0	0
2016	BNU-China	1891	gold	0	0	0	0
2016	CGU_Taiwan	1955	silver	0	0	0	0
2016	CIEI-BJ	2172	silver	0	0	0	0
2016	FAFU-CHINA	2074	gold	0	0	0	0
2016	Fudan	1925	bronze	0	0	0	0
2016	GDSYZX-United	2089	silver	0	0	0	0
2016	Gifu	2158	silver	0	0	0	0
2016	HFUT-China	2134	silver	0	0	0	0
2016	HokkaidoU_Japan	2015	bronze	0	0	0	0
2016	Hong_Kong_HKU	2054	silver	0	0	0	0
2016	Hong_Kong_HKUST	1899	silver	0	0	0	0
2016	Hong_Kong_UCCKE	1889	bronze	0	0	0	0
2016	HSiTAIWAN	1961	gold	0	6	1	1
2016	HUST-China	2036	gold	0	0	0	0
2016	HZAU-China	2012	bronze	0	0	0	0
2016	IISc_Bangalore	2168	bronze	0	0	0	0
2016	IIT-Madras	1956	silver	0	0	0	0
2016	IIT_Delhi	2173	silver	0	0	0	0
2016	IIT_Kharagpur	2163	bronze	0	0	0	0
2016	Jilin_China	1932	gold	0	0	0	0
2016	JNFLS_China	1940	silver	0	0	0	0
2016	JSNU-China	2000	bronze	0	0	0	0
2016	KAIT_Japan	2175	bronze	0	0	0	0
2016	KoreaSonyeodul	1999	None	0	0	0	0
2016	Korea_U_Seoul	2094	gold	0	0	0	0
2016	Kyoto	1933	gold	0	0	0	0
2016	Lanzhou	1995	silver	0	0	0	0
2016	LN-Shiyan-China	2112	None	0	0	0	0
2016	Macquarie_Australia	1998	gold	0	1	0	0
2016	Melbourne	2140	bronze	0	0	0	0
2016	Mingdao	1991	gold	0	2	0	0
2016	Nagahama	1950	silver	0	0	0	0
2016	Nanjing-China	1958	gold	0	3	0	0
2016	Nanjing_NFLS	1894	silver	0	0	0	0
2016	NAU-CHINA	2088	gold	0	0	0	0
2016	NCKU_Tainan	1920	gold	0	2	0	0
2016	NCTU_Formosa	1974	gold	0	11	0	0
2016	NEFU_China	1947	silver	0	0	0	0
2016	NEU-China	1982	gold	0	1	0	0
2016	NJU-China	1942	gold	0	0	0	0
2016	NKU_China	1981	gold	0	0	0	0
2016	NTHU_Taiwan	2073	bronze	0	0	0	0
2016	NTU-Singapore	2130	gold	0	5	0	0
2016	NUDT_CHINA	1997	gold	0	3	0	0
2016	NUS_Singapore	1897	gold	0	1	0	0
2016	NWPU	2155	bronze	0	0	0	0
2016	NYMU-Taipei	2040	gold	0	0	0	0
2016	NYU-AD	2122	silver	0	0	0	0
2016	OUC-China	2047	gold	0	0	0	0
2016	Peking	1989	gold	0	3	0	0
2016	Peshawar	2056	bronze	0	0	0	0
2016	SCAU-China	1959	gold	0	8	1	0
2016	SCU-China	1919	silver	0	0	0	0
2016	SCUT-China_A	1972	gold	0	0	0	0
2016	SCUT-China_B	2080	bronze	0	0	0	0
2016	SDSZ_China	1979	gold	0	0	0	0
2016	ShanghaitechChina	2132	gold	0	0	0	0
2016	ShanghaiTechChina_B	2152	silver	0	0	0	0
2016	Shenzhen_SFLS	1928	gold	0	0	0	0
2016	SJTU-BioX-Shanghai	1969	gold	0	0	0	0
2016	SJTU-Software	2162	gold	0	0	0	0
2016	SMS_Shenzhen	1892	silver	0	0	0	0
2016	SRM_Chennai	1948	None	0	0	0	0
2016	SUSTech_Shenzhen	1943	silver	0	0	0	0
2016	SVCE_CHENNAI	2113	silver	0	0	0	0
2016	Sydney_Australia	1996	gold	0	11	1	0
2016	SYSU-CHINA	1926	gold	0	0	0	0
2016	SYSU-MEDICINE	1993	gold	0	5	0	0
2016	SYSU-Software	1883	gold	0	0	0	0
2016	SZU-China	1884	bronze	0	0	0	0
2016	TAS_Taipei	1898	gold	0	9	0	0
2016	TCU_Taiwan	2011	None	0	0	0	0
2016	Technion_Israel	1992	gold	0	0	0	0
2016	Tel-Hai	2061	bronze	0	7	0	0
2016	Tianjin	2110	gold	0	1	0	0
2016	TJUSLS_China	1921	gold	0	6	0	0
2016	TMMU_China	1887	gold	0	0	0	0
2016	Tokyo_Tech	1949	gold	0	0	0	0
2016	Tongji_Shanghai	1922	silver	0	0	0	0
2016	Tsinghua	1923	gold	0	0	0	0
2016	Tsinghua-A	1918	None	0	0	0	0
2016	UCAS	2150	silver	0	0	0	0
2016	UESTC-China	2013	gold	0	1	0	0
2016	UESTC-software	2025	gold	0	0	0	0
2016	UI-Indonesia	2050	bronze	0	0	0	0
2016	UNSW_Australia	2022	gold	0	0	0	0
2016	UoA_NewZealand	2024	None	0	0	0	0
2016	USTC	2009	silver	0	0	0	0
2016	USTC-Software	2001	gold	0	0	0	0
2016	UST_Beijing	2072	bronze	0	0	0	0
2016	UT-Tokyo	2070	silver	0	0	0	0
2016	XJTLU-CHINA	1906	silver	0	0	0	0
2016	XMU-China	1960	gold	0	0	0	0
2016	ZJU-China	1886	silver	0	0	0	0
2016	Aachen	2020	gold	0	2	0	0
2016	Aalto-Helsinki	1907	gold	0	0	0	0
2016	Aix-Marseille	1951	gold	0	0	0	0
2016	BGU_ISRAEL	2091	gold	0	3	0	0
2016	Bielefeld-CeBiTec	2082	gold	0	1	0	0
2016	Bilkent-UNAMBG	1946	silver	0	0	0	0
2016	Bordeaux	1935	bronze	0	0	0	0
2016	Bulgaria	2171	bronze	0	0	0	0
2016	Cambridge-JIC	2148	gold	0	2	0	0
2016	Cardiff_Wales	2060	silver	0	0	0	0
2016	Chalmers_Gothenburg	2030	gold	0	0	0	0
2016	CLSB-UK	2078	silver	0	1	0	0
2016	Danci-K8	2184	gold	0	0	0	0
2016	DTU-Denmark	2117	gold	0	2	0	0
2016	Duesseldorf	1936	gold	0	0	0	0
2016	Dundee	1962	gold	0	0	0	0
2016	Dundee_Schools	1963	gold	0	4	0	0
2016	Edinburgh_OG	1968	silver	0	0	0	0
2016	Edinburgh_UG	1967	bronze	0	0	0	0
2016	EPFL	1941	gold	0	2	0	0
2016	ETH_Zurich	2116	gold	0	2	0	0
2016	Evry	2042	bronze	0	0	0	0
2016	Exeter	1914	gold	0	0	0	0
2016	FAU_Erlangen	2169	silver	0	0	0	0
2016	Freiburg	2114	gold	0	0	0	0
2016	Glasgow	2151	gold	0	2	0	0
2016	Goettingen	1978	silver	0	0	0	0
2016	Groningen	1930	gold	0	5	0	0
2016	Hamburg	1909	silver	0	1	0	0
2016	Hannover	2075	bronze	0	0	0	0
2016	Imperial_College	1893	gold	0	15	1	1
2016	INSA-Lyon	1934	gold	0	7	0	0
2016	Ionis_Paris	2023	gold	0	3	0	0
2016	Istanbul_Tech	2141	bronze	0	0	0	0
2016	Kent	1985	silver	0	0	0	0
2016	Leicester	1902	None	0	0	0	0
2016	Leiden	1938	bronze	0	0	0	0
2016	Linkoping_Sweden	2095	bronze	0	0	0	0
2016	LMU-TUM_Munich	2170	gold	0	12	1	1
2016	Manchester	2092	gold	0	3	0	0
2016	Marburg	1964	silver	0	0	0	0
2016	METU_HS_Ankara	2052	gold	0	2	0	0
2016	NAWI-Graz	2142	bronze	0	0	0	0
2016	Newcastle	1895	bronze	0	1	0	0
2016	NRP-UEA-Norwich	1957	silver	0	0	0	0
2016	NTNU_Trondheim	1970	bronze	0	0	0	0
2016	Oxford	1980	gold	0	4	0	0
2016	Paris_Bettencourt	2043	gold	0	3	0	0
2016	Paris_Saclay	2039	bronze	0	0	0	0
2016	Pasteur_Paris	2053	gold	0	7	0	0
2016	SDU-Denmark	2018	gold	0	5	0	0
2016	Sheffield	2016	gold	0	1	0	0
2016	Slovenia	1965	gold	0	4	0	0
2016	Stockholm	2144	gold	0	2	0	0
2016	Toulouse_France	1937	gold	0	1	0	0
2016	TU-Eindhoven	2065	gold	0	3	0	0
2016	Tuebingen	1882	bronze	0	0	0	0
2016	TU_Darmstadt	1976	silver	0	0	0	0
2016	TU_Delft	1890	gold	0	7	0	0
2016	UAM_Poznan	2014	gold	0	3	0	0
2016	UBonn_HBRS	2029	silver	0	1	0	0
2016	UCC_Ireland	2002	gold	0	0	0	0
2016	UCL	1954	gold	0	3	0	0
2016	UCLouvain	2093	bronze	0	0	0	0
2016	UGent_Belgium	1896	gold	0	1	0	0
2016	UiOslo_Norway	1927	gold	0	0	0	0
2016	UNIK_Copenhagen	1975	bronze	0	0	0	0
2016	UPF-CRG_Barcelona	2118	bronze	0	0	0	0
2016	UPMC-Paris	2180	bronze	0	0	0	0
2016	UPO-Sevilla	1973	gold	0	0	0	0
2016	Uppsala	2003	gold	0	2	0	0
2016	Valencia_UPV	2017	gold	0	4	0	0
2016	Vilnius-Lithuania	1983	gold	0	1	0	0
2016	Wageningen_UR	1913	gold	0	8	1	0
2016	Warwick	1994	silver	0	1	0	0
2016	Westminster_UoW	1977	bronze	0	0	0	0
2016	BIOSINT_Mexico	2004	None	0	0	0	0
2016	ColegioFDR_Peru	2156	None	0	1	0	0
2016	Guanajuato_Mx	2057	silver	0	0	0	0
2016	Pumas_Mexico	1986	bronze	0	0	0	0
2016	Saint_Rose_School_A	2115	None	0	0	0	0
2016	Saint_Rose_School_B	2119	None	0	0	0	0
2016	Tec-Chihuahua	2069	bronze	0	0	0	0
2016	TEC-Costa_Rica	1903	silver	0	0	0	0
2016	Tec-Monterrey	2055	gold	0	0	0	0
2016	TecCEM	1904	bronze	0	0	0	0
2016	TecCEM_HS	1905	bronze	0	0	0	0
2016	TEC_GenetiX_CCM	2081	None	0	0	0	0
2016	UFAM-UEA_Brazil	2123	silver	0	0	0	0
2016	USP-EEL-Brazil	2149	bronze	0	0	0	0
2016	USP_UNIFESP-Brazil	2136	silver	0	0	0	0
2016	Alverno_CA	2145	silver	0	0	0	0
2016	Arizona_State	2033	gold	0	6	0	0
2016	Austin_UTexas	2097	gold	0	0	0	0
2016	Baltimore_BioCrew	2187	bronze	0	0	0	0
2016	BioBricks	2133	bronze	0	0	0	0
2016	BostonU	1875	gold	0	3	0	0
2016	BostonU_HW	1876	gold	0	2	0	0
2016	British_Columbia	2139	gold	0	1	0	0
2016	BroadRun-Baltimore	2185	gold	0	5	0	0
2016	CAPS_Kansas	2186	None	0	0	0	0
2016	CCA_SanDiego	2103	None	0	0	0	0
2016	ColumbiaU_NYC	2062	gold	0	0	0	0
2016	Concordia	2045	silver	0	0	0	0
2016	Cornell_NY	1931	silver	0	1	0	0
2016	CSU_Fort_Collins	1945	bronze	0	0	0	0
2016	CU-Boulder	2129	silver	0	0	0	0
2016	Dalhousie_Halifax_NS	2160	bronze	0	0	0	0
2016	Denver_Biolabs	2111	bronze	0	0	0	0
2016	Duke	1880	silver	0	0	0	0
2016	Emory	2146	bronze	0	0	0	0
2016	EMW_Street_Bio	2181	bronze	0	0	0	0
2016	Gaston_Day	1877	bronze	0	0	0	0
2016	Genspace	2128	gold	0	2	0	0
2016	Georgia_State	1915	silver	0	0	0	0
2016	Harvard_BioDesign	2010	gold	0	1	0	0
2016	IngenuityLab_Canada	2127	silver	0	0	0	0
2016	Kingsborough_NY	1952	None	0	0	0	0
2016	LambertGA	1911	silver	0	2	0	0
2016	Lethbridge	2109	gold	0	0	0	0
2016	Lethbridge_HS	2124	bronze	0	0	0	0
2016	Lubbock_TTU	2107	silver	0	0	0	0
2016	McMasterU	1929	bronze	0	0	0	0
2016	Michigan	2105	silver	0	0	0	0
2016	Michigan_Software	2104	gold	0	2	0	0
2016	Minnesota	2099	bronze	0	0	0	0
2016	Missouri_Rolla	2034	None	0	0	0	0
2016	MIT	2100	gold	0	2	0	0
2016	MSU-Michigan	2125	bronze	0	0	0	0
2016	Northeastern	2182	bronze	0	0	0	0
2016	NorthernBC	2108	None	0	0	0	0
2016	Northwestern	2019	silver	0	0	0	0
2016	OLS_Canmore	1910	silver	0	5	0	0
2016	Pittsburgh	2084	gold	0	1	0	0
2016	Purdue	1988	silver	0	0	0	0
2016	Queens_Canada	2064	bronze	0	0	0	0
2016	RHIT	2077	bronze	0	0	0	0
2016	Rice	1878	silver	0	0	0	0
2016	Ryerson_Toronto	2101	None	0	0	0	0
2016	SCSU-New_Haven	2143	bronze	0	0	0	0
2016	Stanford-Brown	2027	gold	0	3	0	0
2016	Stony_Brook	1908	silver	0	0	0	0
2016	Toronto	2048	bronze	0	0	0	0
2016	TP_CC_SanDiego	2090	None	0	0	0	0
2016	Tufts	2087	bronze	0	0	0	0
2016	UChicago	2176	bronze	0	0	0	0
2016	UCLA	2068	gold	0	4	0	0
2016	UConn	1953	bronze	0	0	0	0
2016	UCSC	2071	silver	0	1	0	0
2016	UC_Davis	1916	gold	0	0	0	0
2016	UGA-Georgia	1939	silver	0	0	0	0
2016	UIUC_Illinois	1987	bronze	0	0	0	0
2016	ULV-LC-CV	2007	silver	0	0	0	0
2016	UMaryland	2032	silver	0	1	0	0
2016	UMass-Dartmouth	2138	None	0	0	0	0
2016	UNebraska-Lincoln	2086	silver	0	0	0	0
2016	UofC_Calgary	2008	gold	0	3	0	0
2016	UrbanTundra_Edmonton	2179	bronze	0	6	0	0
2016	USNA-Annapolis	2147	None	0	0	0	0
2016	UT-Knoxville	1966	gold	0	0	0	0
2016	Vanderbilt	2005	silver	0	0	0	0
2016	Virginia	1879	gold	0	0	0	0
2016	Washington	2165	bronze	0	0	0	0
2016	WashU_StLouis	2135	silver	0	0	0	0
2016	Waterloo	2137	gold	0	2	0	0
2016	William_and_Mary	2066	gold	0	2	0	0
2016	WLC-Milwaukee	1900	silver	0	0	0	0
2016	WPI_Worcester	2083	silver	0	0	0	0
2009	ArtScienceBangalore	221	bronze	0	1	0	0
2009	CBNU-Korea	236	bronze	0	0	0	0
2009	Chiba	247	gold	0	0	0	0
2009	HKU-HKBU	283	gold	0	0	0	0
2009	HKUST	211	silver	0	0	0	0
2009	IBB_Pune	233	bronze	0	0	0	0
2009	IIT_Bombay_India	255	silver	0	0	0	0
2009	IIT_Madras	272	silver	0	0	0	0
2009	KU_Seoul	271	None	0	0	0	0
2009	Kyoto	210	silver	0	0	0	0
2009	NCTU_Formosa	188	silver	0	0	0	0
2009	NTU-Singapore	256	gold	0	0	0	0
2009	NYMU-Taipei	195	bronze	0	0	0	0
2009	Osaka	204	gold	0	0	0	0
2009	PKU_Beijing	228	gold	0	0	0	0
2009	SJTU-BioX-Shanghai	185	gold	0	0	0	0
2009	Tianjin	289	silver	0	0	0	0
2009	Todai-Tokyo	179	bronze	0	0	0	0
2009	Tokyo-Nokogen	225	bronze	0	0	0	0
2009	Tokyo_Tech	193	gold	0	0	0	0
2009	Tsinghua	189	gold	0	0	0	0
2009	TzuChiU_Formosa	229	bronze	0	0	0	0
2009	UQ-Australia	205	bronze	0	0	0	0
2009	USTC	176	gold	0	0	0	0
2009	USTC_Software	183	gold	0	0	0	0
2009	Victoria_Australia	254	None	0	0	0	0
2009	Aberdeen_Scotland	182	gold	0	0	0	0
2009	BCCS-Bristol	259	gold	0	1	0	0
2009	BIOTEC_Dresden	260	silver	0	0	0	0
2009	Bologna	201	gold	0	0	0	0
2009	Cambridge	274	gold	0	3	1	1
2009	DTU_Denmark	194	gold	0	0	0	0
2009	Edinburgh	216	gold	0	0	0	0
2009	EPF-Lausanne	191	gold	0	1	0	0
2009	Freiburg_bioware	243	gold	0	3	1	0
2009	Freiburg_software	279	silver	0	0	0	0
2009	Groningen	190	gold	0	1	1	0
2009	Heidelberg	203	gold	0	4	1	1
2009	KULeuven	238	gold	0	0	0	0
2009	METU-Gene	258	silver	0	0	0	0
2009	Newcastle	174	gold	0	0	0	0
2009	Paris	257	gold	0	1	0	0
2009	SDU-Denmark	237	bronze	0	0	0	0
2009	Sheffield	246	None	0	0	0	0
2009	Slovenia	245	gold	0	0	0	0
2009	Southampton	180	bronze	0	0	0	0
2009	SupBiotech-Paris	292	bronze	0	0	0	0
2009	Sweden	240	bronze	0	0	0	0
2009	TUDelft	175	gold	0	1	0	0
2009	UAB-Barcelona	248	None	0	0	0	0
2009	UCL_London	239	silver	0	0	0	0
2009	ULB-Brussels	196	silver	0	1	0	0
2009	UNIPV-Pavia	173	gold	0	1	0	0
2009	Uppsala-Sweden	273	bronze	0	0	0	0
2009	Valencia	222	gold	0	4	1	1
2009	Warsaw	177	silver	0	0	0	0
2009	IPN-UNAM-Mexico	266	gold	0	0	0	0
2009	IPOC1-Colombia	287	None	0	0	0	0
2009	IPOC2-Colombia	288	None	0	0	0	0
2009	LCG-UNAM-Mexico	242	silver	0	0	0	0
2009	UNICAMP-Brazil	284	gold	0	0	0	0
2009	Alberta	187	gold	0	1	0	0
2009	Berkeley_Software	198	gold	0	1	0	0
2009	Berkeley_Wetlab	197	gold	0	0	0	0
2009	British_Columbia	206	gold	0	0	0	0
2009	Brown	212	bronze	0	0	0	0
2009	Calgary	218	gold	0	0	0	0
2009	CityColSanFrancisco	226	None	0	0	0	0
2009	Cornell	285	bronze	0	0	0	0
2009	Duke	282	silver	0	0	0	0
2009	Gaston_Day_School	230	None	0	0	0	0
2009	Harvard	207	gold	0	0	0	0
2009	Illinois	252	silver	0	0	0	0
2009	Illinois-Tools	261	gold	0	1	0	0
2009	Johns_Hopkins-BAG	277	gold	0	0	0	0
2009	Lethbridge	249	gold	0	0	0	0
2009	McGill	290	silver	0	0	0	0
2009	Michigan	270	bronze	0	0	0	0
2009	Minnesota	202	gold	0	0	0	0
2009	Missouri_Miners	269	None	0	0	0	0
2009	MIT	181	bronze	0	0	0	0
2009	MoWestern_Davidson	199	gold	0	0	0	0
2009	Nevada	262	bronze	0	0	0	0
2009	Purdue	217	None	0	0	0	0
2009	Queens	214	bronze	0	0	0	0
2009	Stanford	223	gold	0	1	0	0
2009	TorontoMaRSDiscovery	192	bronze	0	0	0	0
2009	UChicago	268	None	0	0	0	0
2009	UCSF	209	silver	0	0	0	0
2009	UC_Davis	265	bronze	0	0	0	0
2009	uOttawa	234	bronze	0	0	0	0
2009	Utah_State	208	gold	0	0	0	0
2009	VictoriaBC	235	silver	0	0	0	0
2009	Virginia	231	gold	0	0	0	0
2009	Virginia_Commonwealth	264	gold	0	0	0	0
2009	Washington	215	gold	0	0	0	0
2009	Washington-Software	253	silver	0	0	0	0
2009	Wash_U	227	gold	0	0	0	0
2009	Waterloo	241	bronze	0	0	0	0
2009	Wisconsin-Madison	220	bronze	0	0	0	0
2010	WITS-South_Africa	354	bronze	0	0	0	0
2010	ArtScienceBangalore	420	None	0	0	0	0
2010	CBNU-Korea	307	bronze	0	0	0	0
2010	Chiba	396	gold	0	0	0	0
2010	HKU-Hong_Kong	366	None	0	0	0	0
2010	HKUST	330	gold	0	0	0	0
2010	HokkaidoU_Japan	496	silver	0	0	0	0
2010	Hong_Kong-CUHK	361	gold	0	0	0	0
2010	IIT_Delhi_1	408	None	0	0	0	0
2010	IIT_Madras	372	gold	0	0	0	0
2010	KAIST-Korea	351	None	0	0	0	0
2010	KIT-Kyoto	362	gold	0	1	0	0
2010	Korea_U_Seoul	400	silver	0	0	0	0
2010	Kyoto	358	gold	0	0	0	0
2010	Macquarie_Australia	497	bronze	0	0	0	0
2010	Monash_Australia	417	bronze	0	0	0	0
2010	NCTU_Formosa	332	silver	0	0	0	0
2010	NYMU-Taipei	411	silver	0	0	0	0
2010	Osaka	392	bronze	0	0	0	0
2010	Peking	346	gold	0	3	1	0
2010	RMIT_Australia	345	bronze	0	0	0	0
2010	SJTU-BioX-Shanghai	387	gold	0	0	0	0
2010	Tianjin	500	silver	0	0	0	0
2010	Tokyo-NoKoGen	317	gold	0	0	0	0
2010	Tokyo_Metropolitan	336	bronze	0	0	0	0
2010	Tokyo_Tech	395	gold	0	1	0	0
2010	Tsinghua	341	gold	0	0	0	0
2010	TzuChiU_Formosa	419	silver	0	0	0	0
2010	USTC	371	gold	0	0	0	0
2010	USTC_Software	369	gold	0	1	0	0
2010	UT-Tokyo	313	silver	0	0	0	0
2010	ZJU-China	402	gold	0	0	0	0
2010	Aberdeen_Scotland	385	silver	0	0	0	0
2010	BCCS-Bristol	381	gold	0	3	1	0
2010	Bielefeld-Germany	389	gold	0	0	0	0
2010	BIOTEC_Dresden	407	gold	0	0	0	0
2010	Cambridge	325	gold	0	3	1	0
2010	Debrecen-Hungary	364	gold	0	0	0	0
2010	DTU-Denmark	374	gold	0	0	0	0
2010	Edinburgh	322	gold	0	1	0	0
2010	EPF_Lausanne	320	gold	0	1	0	0
2010	ESBS-Strasbourg	365	bronze	0	0	0	0
2010	ETHZ_Basel	422	gold	0	1	0	0
2010	Freiburg_Bioware	404	gold	0	1	0	0
2010	Freiburg_Software	405	silver	0	0	0	0
2010	Groningen	305	gold	0	0	0	0
2010	Heidelberg	337	gold	0	0	0	0
2010	Imperial_College_London	316	gold	0	4	1	0
2010	INSA-Lyon	342	silver	0	0	0	0
2010	LMU-Munich	368	bronze	0	0	0	0
2010	METU_Turkey	352	gold	0	0	0	0
2010	METU_Turkey_Software	326	silver	0	0	0	0
2010	Newcastle	302	gold	0	0	0	0
2010	Paris_Liliane_Bettencourt	329	gold	0	1	0	0
2010	SDU-Denmark	343	gold	0	1	0	0
2010	Sheffield	386	bronze	0	0	0	0
2010	Slovenia	323	gold	0	5	1	1
2010	Stockholm	380	bronze	0	0	0	0
2010	St_Andrews	356	gold	0	0	0	0
2010	TU_Delft	398	gold	0	2	1	0
2010	TU_Munich	494	gold	0	0	0	0
2010	UCL_London	301	gold	0	0	0	0
2010	ULB-Brussels	348	bronze	0	0	0	0
2010	UNIPV-Pavia	300	gold	0	0	0	0
2010	UPO-Sevilla	367	bronze	0	0	0	0
2010	Uppsala-Sweden	379	bronze	0	0	0	0
2010	Valencia	401	gold	0	0	0	0
2010	Warsaw	299	gold	0	0	0	0
2010	Weimar-Heidelberg_Arts	388	None	0	0	0	0
2010	Mexico-UNAM-CINVESTAV	328	bronze	0	0	0	0
2010	Panama	424	bronze	0	0	0	0
2010	Tec-Monterrey	427	gold	0	0	0	0
2010	UNAM-Genomics_Mexico	360	gold	0	0	0	0
2010	Alberta	349	gold	0	0	0	0
2010	Baltimore_US	375	None	0	0	0	0
2010	Berkeley	426	gold	0	0	0	0
2010	British_Columbia	391	bronze	0	0	0	0
2010	Brown	324	bronze	0	0	0	0
2010	Calgary	339	gold	0	0	0	0
2010	Caltech	338	gold	0	0	0	0
2010	Cornell	399	bronze	0	0	0	0
2010	Davidson-MissouriW	315	gold	0	0	0	0
2010	Duke	429	bronze	0	1	0	0
2010	Gaston_Day_School	308	None	0	0	0	0
2010	GeorgiaTech	410	silver	0	0	0	0
2010	Georgia_State	431	None	0	0	0	0
2010	Harvard	382	gold	0	0	0	0
2010	IvyTech-South_Bend	498	bronze	0	0	0	0
2010	Johns_Hopkins	363	gold	0	0	0	0
2010	Lethbridge	331	gold	0	0	0	0
2010	Michigan	377	None	0	0	0	0
2010	Minnesota	311	gold	0	1	0	0
2010	Missouri_Miners	306	bronze	0	0	0	0
2010	MIT	415	gold	0	2	0	0
2010	Nevada	414	silver	0	0	0	0
2010	Northwestern	418	bronze	0	0	0	0
2010	NYU	416	silver	0	0	0	0
2010	Penn_State	376	gold	0	0	0	0
2010	Purdue	334	bronze	0	0	0	0
2010	Queens-Canada	309	gold	0	0	0	0
2010	Stanford	353	gold	0	0	0	0
2010	The_Citadel-Charleston	373	None	0	0	0	0
2010	Toronto	357	None	0	0	0	0
2010	UCSF	321	gold	0	0	0	0
2010	UC_Davis	327	gold	0	0	0	0
2010	UIUC-Illinois	310	gold	0	0	0	0
2010	UIUC-Illinois-Software	335	silver	0	0	0	0
2010	uOttawa	319	gold	0	0	0	0
2010	Utah_State	390	gold	0	0	0	0
2010	UTDallas	412	gold	0	0	0	0
2010	Virginia_United	303	bronze	0	0	0	0
2010	VT-ENSIMAG_Biosecurity	304	bronze	0	1	0	0
2010	Washington	314	gold	0	1	0	0
2010	WashU	394	silver	0	0	0	0
2010	Waterloo	359	bronze	0	0	0	0
2010	Wisconsin-Madison	318	gold	0	0	0	0
2013	Beijing_BHSF	984	blocked	0	0	0	0
2013	Beijing_HDFLS_High	994	blocked	0	0	0	0
2013	CSIA_SouthKorea	992	blocked	0	0	0	0
2013	Shenzhen_SFLS	986	blocked	0	0	0	0
2013	Shenzhen_SZMS	1003	blocked	0	0	0	0
2013	AnatoliaGreece	996	blocked	0	0	0	0
2013	AUC_TURKEY	993	blocked	0	0	0	0
2013	NGSS_AEI_TURKEY	990	blocked	0	0	0	0
2013	Salonica_Schools	1002	blocked	0	0	0	0
2013	St_Pauls_London	997	blocked	0	0	0	0
2013	UCL_Academy	981	blocked	0	0	0	0
2013	CIDEB-UANL_Mexico	987	blocked	0	0	0	0
2013	BioscienceDragons_AZ	978	blocked	0	0	0	0
2013	BJHS_Madison_AL	999	blocked	0	0	0	0
2013	BV_CAPS_Kansas	977	blocked	0	0	0	0
2013	Consort_Alberta	998	blocked	0	0	0	0
2013	Deerfield_MA	975	blocked	0	0	0	0
2013	Jefferson_VA_SciCOS	989	blocked	0	0	0	0
2013	Lambert_GA	979	blocked	0	0	0	0
2013	Lethbridge_Canada	988	blocked	0	0	0	0
2013	MCIT_Indianapolis	976	blocked	0	0	0	0
2013	Mt_Lebanon_PA	1006	blocked	0	0	0	0
2013	NC_School_of_Sci_Math	985	blocked	0	0	0	0
2013	SharonBasicallyAcid	995	blocked	0	0	0	0
2013	The_Agency_Escondido	1001	blocked	0	0	0	0
2013	TPHS_SanDiego	980	blocked	0	0	0	0
2013	AHUT_China	1196	bronze	0	0	0	0
2013	AITM-Nepal	1098	None	0	0	0	0
2013	BIT	1058	gold	1	1	0	0
2013	BIT-China	1117	gold	1	1	0	0
2013	Biwako_Nagahama	1044	bronze	0	0	0	0
2013	CAU_China	1097	bronze	0	0	0	0
2013	Chiba	1057	silver	0	0	0	0
2013	Fudan	1100	gold	1	1	0	0
2013	HIT-Harbin	1014	silver	0	0	0	0
2013	HokkaidoU_Japan	1084	silver	1	1	0	0
2013	Hong_Kong_CUHK	1092	silver	1	2	0	0
2013	Hong_Kong_HKU	1217	silver	0	0	0	0
2013	Hong_Kong_HKUST	1119	gold	1	3	1	0
2013	HUST-China	1037	silver	1	1	0	0
2013	HZAU-China	1228	gold	0	0	0	0
2013	IIT_Delhi	1170	bronze	0	0	0	0
2013	IIT_Madras	1194	gold	0	1	0	0
2013	ITB_Indonesia	1064	silver	0	0	0	0
2013	KAIT_Japan	1069	None	0	0	0	0
2013	KIT-Kyoto	1049	silver	0	0	0	0
2013	Korea_U_Seoul	1146	bronze	0	0	0	0
2013	Kyoto	1126	silver	0	0	0	0
2013	LZU-China	1103	bronze	0	0	0	0
2013	Macquarie_Australia	1080	silver	0	1	0	0
2013	Nanjing-China	1145	gold	1	1	0	0
2013	NCTU_Formosa	1017	gold	1	2	1	0
2013	NJU_China	1180	gold	1	1	0	0
2013	NJU_NJUT_China	1160	bronze	0	0	0	0
2013	NTU-Taida	1157	gold	0	0	0	0
2013	NTU_Taiwan	1125	silver	0	0	0	0
2013	NU_Kazakhstan	1118	None	0	0	0	0
2013	NYMU-Taipei	1104	gold	1	7	1	0
2013	Osaka	1040	bronze	0	0	0	0
2013	OUC-China	1059	gold	0	1	0	0
2013	Peking	1031	gold	1	3	0	0
2013	SCAU-China	1010	gold	0	0	0	0
2013	SCUT	1072	silver	0	0	0	0
2013	SCU_China	1087	silver	0	0	0	0
2013	Shenzhen_BGIC_0101	1052	gold	0	0	0	0
2013	Shenzhen_BGIC_ATCG	1051	gold	1	3	1	0
2013	SJTU-BioX-Shanghai	1026	gold	1	1	0	0
2013	Sumbawagen	1147	None	0	0	0	0
2013	SUSTC-Shenzhen-A	1030	silver	0	0	0	0
2013	SUSTC-Shenzhen-B	1032	gold	0	0	0	0
2013	SydneyUni_Australia	1115	bronze	1	3	0	0
2013	SYSU-China	1061	gold	1	6	1	0
2013	SYSU-Software	1016	gold	0	1	0	0
2013	Tianjin	1020	gold	1	3	1	0
2013	TMU-Tokyo	1015	silver	0	0	0	0
2013	Tokyo-NoKoGen	1053	gold	0	0	0	0
2013	Tokyo_Tech	1139	gold	1	2	0	0
2013	Tsinghua	1024	gold	1	2	0	0
2013	Tsinghua-A	1116	gold	1	1	0	0
2013	Tsinghua-E	1025	silver	0	0	0	0
2013	TzuChiU_Formosa	1222	silver	0	0	0	0
2013	UESTC	1091	gold	0	0	0	0
2013	UESTC_Life	1199	silver	0	0	0	0
2013	UI-Indonesia	1182	silver	0	0	0	0
2013	USTC-Software	1079	gold	0	0	0	0
2013	USTC_CHINA	1074	gold	1	1	0	0
2013	UT-Tokyo	1124	bronze	0	0	0	0
2013	WHU-China	1081	gold	1	1	0	0
2013	XMU-China	1036	gold	1	1	0	0
2013	XMU_Software	1070	gold	0	0	0	0
2013	ZJU-China	1054	gold	1	2	0	0
2013	AMU-Poznan	1200	silver	0	0	0	0
2013	ATOMS-Turkiye	1202	gold	0	0	0	0
2013	Baskent_Meds	1109	bronze	0	0	0	0
2013	BGU_Israel	1223	silver	1	2	0	0
2013	Bielefeld-Germany	1172	gold	1	7	1	1
2013	Bonn	1075	bronze	0	0	0	0
2013	Bordeaux	1148	None	0	0	0	0
2013	Braunschweig	1073	gold	1	2	0	0
2013	DTU-Denmark	1067	gold	0	0	0	0
2013	Dundee	1012	gold	1	6	1	1
2013	Edinburgh	1122	gold	0	0	0	0
2013	EPF_Lausanne	1111	silver	1	1	0	0
2013	ETH_Zurich	1216	gold	1	3	0	0
2013	Evry	1163	gold	1	2	0	0
2013	Exeter	1173	silver	0	0	0	0
2013	Frankfurt	1181	None	0	0	0	0
2013	Freiburg	1150	gold	1	5	1	0
2013	Gdansk-UG	1038	bronze	0	0	0	0
2013	Goettingen	1045	gold	1	2	0	0
2013	Grenoble-EMSE-LSU	1141	gold	0	1	0	0
2013	Groningen	1085	gold	0	1	0	0
2013	Heidelberg	1152	gold	1	5	1	1
2013	Imperial_College	1149	gold	1	7	1	0
2013	INSA_Toulouse	1132	gold	0	0	0	0
2013	ITU_MOBGAM_Turkey	1096	None	0	0	0	0
2013	Kent	1153	bronze	0	0	0	0
2013	KU_Leuven	1060	gold	1	2	0	0
2013	Leeds	1028	bronze	0	0	0	0
2013	Leicester	1095	None	0	0	0	0
2013	Linkoping_Sweden	1083	bronze	0	0	0	0
2013	Manchester	1027	gold	1	3	0	0
2013	Marburg	1071	gold	1	1	0	0
2013	METU_Turkey	1197	gold	0	0	0	0
2013	Newcastle	1185	gold	1	1	0	0
2013	NRP-UEA-Norwich	1041	bronze	0	0	0	0
2013	NTNU-Trondheim	1082	bronze	0	0	0	0
2013	Paris_Bettencourt	1137	gold	1	7	1	1
2013	Paris_Saclay	1155	gold	0	0	0	0
2013	Poznan-BioInf	1224	None	0	0	0	0
2013	SDU-Denmark	1088	gold	1	3	0	0
2013	TU-Delft	1022	gold	1	1	0	0
2013	TU-Eindhoven	1123	gold	1	1	0	0
2013	TU-Munich	1159	gold	1	7	1	0
2013	Tuebingen	1029	silver	0	0	0	0
2013	TU_Darmstadt	1055	silver	0	0	0	0
2013	UCL	1018	gold	0	0	0	0
2013	UCL_E	1203	blocked	0	0	0	0
2013	UCL_PG	1135	silver	0	0	0	0
2013	UGent	1105	bronze	0	0	0	0
2013	UNIK_Copenhagen	1094	gold	0	0	0	0
2013	UniSalento_Lecce	1151	silver	0	0	0	0
2013	UNITN-Trento	1065	gold	1	2	0	0
2013	Uppsala	1033	gold	1	2	0	0
2013	Valencia-CIPF	1158	None	0	0	0	0
2013	Valencia_Biocampus	1112	gold	1	2	0	0
2013	Wageningen_UR	1023	gold	0	0	0	0
2013	Warsaw	1093	gold	0	0	0	0
2013	Westminster	1201	bronze	0	0	0	0
2013	York_UK	1127	gold	0	0	0	0
2013	BIOSINT_Mexico	1130	bronze	0	0	0	0
2013	Buenos_Aires	1106	gold	0	3	1	0
2013	Ciencias-UNAM	1230	silver	0	0	0	0
2013	Colombia_Uniandes	1144	silver	0	2	0	0
2013	Costa_Rica_Cibus	1142	None	0	0	0	0
2013	Guadalajara	1227	None	0	0	0	0
2013	Manaus_Amazonas-Brazil	1076	bronze	0	1	0	0
2013	TecMonterrey	1166	gold	0	5	1	0
2013	UANL_Mty-Mexico	1140	None	1	2	0	0
2013	UC_Chile	1113	silver	0	1	0	0
2013	UFMG_Brazil	1086	silver	0	3	1	0
2013	USP-Brazil	1078	silver	0	0	0	0
2013	Alberta	1161	gold	0	2	0	0
2013	Arizona_State	1190	bronze	0	0	0	0
2013	Berkeley	1131	gold	1	1	0	0
2013	BostonU	1114	gold	0	1	0	0
2013	British_Columbia	1129	gold	1	2	0	0
2013	BYU_Provo	1195	gold	1	1	0	0
2013	Calgary	1189	gold	1	4	1	0
2013	Calgary_Entrepreneurial	1236	blocked	0	1	0	0
2013	Carnegie_Mellon	1184	silver	0	1	0	0
2013	Clemson	1090	silver	1	1	0	0
2013	Concordia	1165	bronze	0	0	0	0
2013	Cornell	1021	gold	1	3	0	0
2013	CSU_Fort_Collins	1229	None	0	0	0	0
2013	CU-Boulder	1188	gold	1	2	0	0
2013	Duke	1204	silver	0	0	0	0
2013	Gaston_Day_School	1042	bronze	0	0	0	0
2013	GeorgiaTech	1156	gold	1	1	0	0
2013	Georgia_State	1110	bronze	0	1	0	0
2013	Greensboro-Austin	1178	gold	0	0	0	0
2013	Lethbridge	1210	gold	0	6	1	1
2013	Lethbridge_Entrepreneurs	1233	blocked	0	0	0	0
2013	Michigan	1077	gold	1	3	1	0
2013	Minnesota	1187	bronze	0	0	0	0
2013	MIT	1179	silver	1	1	0	0
2013	MSOE_Milwaukee	1099	None	0	0	0	0
2013	Nevada	1136	silver	0	0	0	0
2013	Northwestern	1231	silver	0	0	0	0
2013	OU-Norman_OK	1207	bronze	0	0	0	0
2013	Penn	1128	gold	1	4	1	1
2013	Penn_State	1043	bronze	0	0	0	0
2013	Purdue	1225	gold	1	3	1	0
2013	Queens_Canada	1121	bronze	0	0	0	0
2013	RHIT	1154	bronze	0	0	0	0
2013	Rutgers	1206	silver	0	0	0	0
2013	Stanford-Brown	1218	gold	1	1	0	0
2013	Toronto	1019	gold	0	0	0	0
2013	Tufts	1186	blocked	0	0	0	0
2013	UChicago	1193	None	0	0	0	0
2013	UCLA	1176	bronze	0	0	0	0
2013	UCSF	1062	gold	1	1	0	0
2013	UC_Davis	1212	gold	1	1	0	0
2013	UGA-Georgia	1138	silver	0	0	0	0
2013	UIUC_Entrepreneurs	1209	blocked	0	0	0	0
2013	UIUC_Illinois	1205	gold	1	2	0	0
2013	uOttawa	1164	gold	1	1	0	0
2013	Utah_State	1162	gold	0	0	0	0
2013	UTK-Knoxville	1048	None	0	0	0	0
2013	UT_Dallas	1214	silver	0	0	0	0
2013	Virginia	1011	gold	0	2	0	0
2013	Washington	1232	bronze	0	0	0	0
2013	WashU_StLouis	1169	None	0	0	0	0
2013	Waterloo	1039	gold	1	2	0	0
2013	Wellesley_Desyne	1068	gold	0	0	0	0
2013	WLC-Milwaukee	1175	silver	0	0	0	0
2011	Greenfield_IN-Rihm-HS	586	None	0	0	0	0
2011	Greenfield_IN-Schini-HS	637	None	0	0	0	0
2011	SouthBend-Mishawaka-HS	663	None	0	0	0	0
2011	SouthBend-Mishawaka-HS-2	675	None	0	0	0	0
2011	ArtScienceBangalore	645	None	1	2	0	0
2011	CBNU-Korea	605	None	0	0	0	0
2011	Fudan-Shanghai	604	gold	0	0	0	0
2011	HIT-Harbin	609	None	0	0	0	0
2011	HKU-Hong_Kong	544	silver	0	0	0	0
2011	HKUST-Hong_Kong	524	gold	1	2	0	0
2011	HokkaidoU_Japan	547	bronze	0	1	0	0
2011	Hong_Kong-CUHK	559	gold	1	4	0	0
2011	HUST-China	580	None	0	0	0	0
2011	IIT_Madras	572	gold	1	4	0	0
2011	KAIST-Korea	623	None	0	0	0	0
2011	KAIT_Japan	647	None	0	0	0	0
2011	KIT-Kyoto	579	silver	0	0	0	0
2011	Korea_U_Seoul	610	bronze	0	0	0	0
2011	Kyoto	622	silver	0	0	0	0
2011	Macquarie_Australia	646	silver	0	0	0	0
2011	NCTU_Formosa	539	silver	0	0	0	0
2011	NYMU-Taipei	624	gold	1	1	0	0
2011	Osaka	602	silver	1	1	0	0
2011	OUC-China	594	bronze	0	0	0	0
2011	Peking_R	598	gold	1	1	0	0
2011	Peking_S	581	silver	0	0	0	0
2011	SJTU-BioX-Shanghai	567	gold	1	3	0	0
2011	SYSU-China	629	bronze	1	1	0	0
2011	Tianjin	563	bronze	0	0	0	0
2011	Tokyo-NoKoGen	519	gold	1	2	0	0
2011	Tokyo_Metropolitan	543	silver	0	0	0	0
2011	Tokyo_Tech	649	gold	1	2	0	0
2011	Tsinghua	533	silver	1	1	0	0
2011	Tsinghua-A	574	bronze	1	1	0	0
2011	TzuChiU_Formosa	571	bronze	0	0	0	0
2011	UNIST_Korea	526	silver	0	0	0	0
2011	UQ-Australia	570	None	0	0	0	0
2011	UST-Beijing	603	None	0	0	0	0
2011	USTC-China	557	gold	1	1	0	0
2011	USTC-Software	507	bronze	1	1	0	0
2011	UT-Tokyo	518	silver	0	0	0	0
2011	VIT_Vellore	513	None	0	0	0	0
2011	WHU-China	560	bronze	1	1	0	0
2011	XMU-China	658	gold	1	1	0	0
2011	ZJU-China	561	gold	1	2	0	1
2011	Amsterdam	538	gold	0	0	0	0
2011	Bielefeld-Germany	525	gold	1	1	0	0
2011	Bilkent_UNAM_Turkey	596	bronze	0	0	0	0
2011	Cambridge	638	gold	0	0	0	0
2011	Copenhagen	527	bronze	0	0	0	0
2011	Debrecen_Hungary	626	gold	0	0	0	0
2011	DTU-Denmark	564	gold	0	0	0	0
2011	DTU-Denmark-2	678	gold	0	0	0	0
2011	Dundee	562	gold	1	1	0	0
2011	Edinburgh	523	gold	1	2	0	0
2011	ENSPS-Strasbourg	522	bronze	1	1	0	0
2011	EPF-Lausanne	613	gold	1	1	0	0
2011	ETH_Zurich	625	gold	1	1	0	0
2011	Fatih_Turkey	541	gold	1	3	0	0
2011	Freiburg	608	gold	0	0	0	0
2011	Glasgow	660	silver	0	0	0	0
2011	Grenoble	545	gold	1	1	0	0
2011	Groningen	607	gold	1	1	0	0
2011	Imperial_College_London	515	gold	1	5	1	1
2011	KULeuven	584	gold	1	1	0	0
2011	LMU-Munich	549	bronze	0	0	0	0
2011	Lyon-INSA-ENS	540	gold	1	3	0	0
2011	METU-Ankara	593	bronze	0	0	0	0
2011	METU-BIN_Ankara	536	silver	1	1	0	0
2011	NTNU_Trondheim	639	bronze	0	0	0	0
2011	Paris_Bettencourt	606	gold	1	3	1	0
2011	Potsdam_Bioware	627	gold	1	1	0	0
2011	Sevilla	514	bronze	0	0	0	0
2011	St_Andrews	628	gold	0	0	0	0
2011	TU-Delft	556	None	0	0	0	0
2011	TU_Munich	568	gold	0	1	0	0
2011	UCL_London	676	bronze	0	0	0	0
2011	UEA-JIC_Norwich	509	None	0	0	0	0
2011	ULB-Brussels	551	gold	0	0	0	0
2011	UNIPV-Pavia	516	gold	0	0	0	0
2011	UNITS_Trieste	553	gold	1	1	0	0
2011	UPO-Sevilla	510	gold	1	2	0	0
2011	Uppsala-Sweden	592	gold	0	1	0	0
2011	Valencia	565	None	0	0	0	0
2011	Wageningen_UR	546	gold	0	0	0	0
2011	Warsaw	528	silver	0	0	0	0
2011	WITS-CSIR_SA	537	gold	1	4	1	0
2011	Colombia	669	bronze	1	1	0	0
2011	ITESM_Mexico	587	bronze	1	1	0	0
2011	Panama	653	None	0	0	0	0
2011	Tec-Monterrey	633	gold	0	0	0	0
2011	UANL_Mty-Mexico	566	silver	0	0	0	0
2011	UNAM-Genomics_Mexico	535	gold	0	0	0	0
2011	UNICAMP-EMSE_Brazil	554	gold	1	1	0	0
2011	UTP-Panama	672	bronze	1	1	0	0
2011	Alberta	612	bronze	0	0	0	0
2011	Arizona_State	578	bronze	0	0	0	0
2011	Baltimore	665	None	0	0	0	0
2011	Bard-Annandale	595	None	0	0	0	0
2011	Berkeley	641	gold	1	2	0	0
2011	British_Columbia	517	gold	1	2	0	0
2011	Brown-Stanford	656	gold	1	3	1	0
2011	BU_Wellesley_Software	577	gold	1	1	0	0
2011	BYU_Provo	619	gold	1	1	0	0
2011	Calgary	640	gold	1	3	0	0
2011	Caltech	620	gold	1	1	0	0
2011	Columbia-Cooper	643	gold	1	1	0	0
2011	Cornell	597	gold	1	1	0	0
2011	Duke	655	bronze	0	0	0	0
2011	Gaston_Day_School	614	silver	0	1	0	0
2011	GeorgiaState	529	None	0	0	0	0
2011	GeorgiaTech	582	bronze	0	0	0	0
2011	Grinnell	531	gold	1	1	0	0
2011	Harvard	615	silver	1	1	0	0
2011	Hunter-NYC	661	None	0	0	0	0
2011	Johns_Hopkins	530	gold	1	1	0	0
2011	Lethbridge	542	gold	1	2	1	0
2011	Michigan	618	bronze	0	0	0	0
2011	Minnesota	632	silver	0	0	0	0
2011	Missouri_Miners	621	silver	0	0	0	0
2011	MIT	511	gold	1	1	0	0
2011	Nevada	558	gold	0	0	0	0
2011	Northwestern	575	gold	1	2	0	0
2011	NYC_Software	651	None	0	0	0	0
2011	NYC_Wetware	650	bronze	0	1	0	0
2011	Penn	548	silver	0	0	0	0
2011	Penn_State	648	gold	1	1	0	0
2011	Queens_Canada	631	gold	1	1	0	0
2011	Rutgers	588	bronze	0	0	0	0
2011	Toronto	601	None	0	0	0	0
2011	UCSF	644	gold	0	0	0	0
2011	UC_Davis	611	gold	1	1	0	0
2011	UIUC-Illinois	617	bronze	0	0	0	0
2011	uOttawa	642	gold	1	1	0	0
2011	USC	512	bronze	0	0	0	0
2011	Utah_State	654	gold	0	0	0	0
2011	UT_Dallas	569	bronze	0	0	0	0
2011	VCU	674	None	0	0	0	0
2011	Virginia	635	silver	0	0	0	0
2011	Virginia_Tech	555	bronze	0	0	0	0
2011	Washington	590	gold	1	5	1	1
2011	WashU	552	None	0	0	0	0
2011	Waterloo	576	bronze	1	1	0	0
2011	West_Point	583	None	0	0	0	0
2011	Wisconsin-Madison	634	gold	1	1	0	0
2008	Beijing_Normal	78	None	0	0	0	0
2008	Chiba	84	silver	0	0	0	0
2008	CPU-NanJing	88	bronze	0	0	0	0
2008	HKUSTers	113	bronze	0	0	0	0
2008	iHKU	94	bronze	0	0	0	0
2008	IIT_Madras	86	silver	0	2	0	0
2008	Kyoto	127	None	0	0	0	0
2008	Melbourne	85	bronze	0	0	0	0
2008	NTU-Singapore	117	silver	0	0	0	0
2008	NYMU-Taipei	116	silver	0	1	1	0
2008	Peking_University	120	None	0	0	0	0
2008	Tianjin	132	bronze	0	0	0	0
2008	Tokyo_Tech	121	gold	0	0	0	0
2008	Tsinghua	108	bronze	0	0	0	0
2008	USTC	82	silver	0	0	0	0
2008	BCCS-Bristol	135	bronze	0	1	0	0
2008	Bologna	79	bronze	0	1	0	0
2008	Cambridge	90	bronze	0	0	0	0
2008	Edinburgh	118	gold	0	0	0	0
2008	EPF-Lausanne	92	bronze	0	0	0	0
2008	ESBS-Strasbourg	105	bronze	0	0	0	0
2008	ETH_Zurich	142	silver	0	0	0	0
2008	Freiburg	157	gold	0	2	1	1
2008	Groningen	77	gold	0	0	0	0
2008	Heidelberg	150	gold	0	3	0	0
2008	Imperial_College	143	gold	0	2	0	0
2008	KULeuven	145	gold	0	0	0	0
2008	METU_Turkey	129	bronze	0	0	0	0
2008	Newcastle_University	104	gold	0	0	0	0
2008	Paris	136	bronze	0	0	0	0
2008	Slovenia	133	gold	0	3	1	1
2008	TUDelft	115	gold	0	1	0	0
2008	UNIPV-Pavia	81	silver	0	0	0	0
2008	University_of_Sheffield	153	None	0	0	0	0
2008	Valencia	141	gold	0	0	0	0
2008	Warsaw	103	bronze	0	0	0	0
2008	Colombia	159	None	0	0	0	0
2008	LCG-UNAM-Mexico	119	bronze	0	0	0	0
2008	Mexico-UNAM-IPN	134	None	0	0	0	0
2008	Alberta_NINT	102	silver	0	0	0	0
2008	Bay_Area_RSI	80	None	0	0	0	0
2008	Brown	124	bronze	0	1	0	0
2008	BrownTwo	165	silver	0	0	0	0
2008	Calgary_Ethics	107	bronze	0	0	0	0
2008	Calgary_Software	148	silver	0	0	0	0
2008	Calgary_Wetware	131	silver	0	0	0	0
2008	Caltech	137	gold	0	2	1	1
2008	Davidson-Missouri_Western	91	gold	0	0	0	0
2008	Duke	158	None	0	0	0	0
2008	Guelph	152	bronze	0	0	0	0
2008	Harvard	98	gold	0	2	1	0
2008	Hawaii	125	bronze	0	1	0	0
2008	Illinois	126	bronze	0	0	0	0
2008	Johns_Hopkins	110	bronze	0	0	0	0
2008	Lethbridge_CCS	155	bronze	0	0	0	0
2008	Michigan	138	bronze	0	0	0	0
2008	Minnesota	101	silver	0	1	0	0
2008	Mississippi_State	144	bronze	0	0	0	0
2008	Missouri_Miners	146	bronze	0	0	0	0
2008	MIT	128	gold	0	0	0	0
2008	PennState	100	silver	0	0	0	0
2008	Prairie_View	160	bronze	0	0	0	0
2008	Princeton	76	None	0	0	0	0
2008	Purdue	154	bronze	0	0	0	0
2008	Rice_University	122	gold	0	1	0	0
2008	UCSF	106	bronze	0	2	0	0
2008	UC_Berkeley	112	gold	0	1	1	0
2008	UC_Berkeley_Tools	111	gold	0	1	0	0
2008	University_of_Alberta	123	bronze	0	0	0	0
2008	University_of_Chicago	163	None	0	0	0	0
2008	University_of_Lethbridge	147	bronze	0	0	0	0
2008	University_of_Ottawa	149	silver	0	0	0	0
2008	University_of_Washington	109	bronze	0	1	0	0
2008	Utah_State	89	bronze	0	0	0	0
2008	Virginia	156	bronze	0	0	0	0
2008	Waterloo	93	bronze	0	0	0	0
2012	CSIA_SouthKorea	710	blocked	0	0	0	0
2012	HAFS_Bioholics	714	blocked	0	0	0	0
2012	UISGZ_MaLab_China	715	blocked	0	0	0	0
2012	AUC_Turkey	727	blocked	0	1	0	0
2012	Heidelberg_LSL	862	blocked	0	9	1	1
2012	Saloniki_Greece_12	696	blocked	0	1	0	0
2012	CIDEB-UANL_Mexico	695	blocked	0	4	1	0
2012	PrepaTec_GarzaSadaMx	760	blocked	0	0	0	0
2012	BioscienceDragons_AZ	793	blocked	0	1	0	0
2012	BioToga_NY	745	blocked	0	0	0	0
2012	BVCAPS_Kansas	704	blocked	0	1	0	0
2012	BVCAPS_Research_KS	705	blocked	0	0	0	0
2012	Dalton_School_NY	685	blocked	0	0	0	0
2012	Evansville_Central	703	blocked	0	0	0	0
2012	GPHS_Snohomish_WA	839	blocked	0	0	0	0
2012	GreenfieldCentral_IN	698	blocked	0	1	0	0
2012	Hewitt-Trussville	686	blocked	0	0	0	0
2012	Lethbridge_Canada	736	blocked	0	1	0	0
2012	MediaArts_HTH_CA	694	blocked	0	0	0	0
2012	NC_School_of_Sci_Math	713	blocked	0	3	1	0
2012	NewLondonFarquizzles	701	blocked	0	0	0	0
2012	Sharon_BasicallyAcid	719	blocked	0	0	0	0
2012	Sharon_MA_Aquila	717	blocked	0	0	0	0
2012	Sharon_MA_ArborVitae	718	blocked	0	0	0	0
2012	SouthBendMishawakaIN	716	blocked	0	0	0	0
2012	TJHSST_Clone-ials_VA	938	blocked	0	0	0	0
2012	Tyngsboro_MA_Tigers	688	blocked	0	0	0	0
2012	WarrenCentral_WCC_IN	699	blocked	0	0	0	0
2012	BAU-Indonesia	923	None	0	0	0	0
2012	CBNU-Korea	860	silver	1	1	0	0
2012	CD-SCU-CHINA	826	None	0	0	0	0
2012	Ehime-Japan	794	bronze	0	0	0	0
2012	Fudan_D	798	silver	0	1	0	0
2012	Fudan_Lux	785	gold	0	0	0	0
2012	HIT-Harbin	748	silver	0	0	0	0
2012	HKUST-Hong_Kong	733	gold	1	1	0	0
2012	HKU_HongKong	855	silver	0	0	0	0
2012	HokkaidoU_Japan	759	gold	0	0	0	0
2012	Hong_Kong-CUHK	786	gold	1	1	0	0
2012	HUST-China	805	bronze	0	0	0	0
2012	IIT_Madras	856	None	0	0	0	0
2012	JUIT-India	730	None	0	0	0	0
2012	KAIST_Korea	907	gold	1	1	0	0
2012	KAIT_Japan	835	bronze	0	0	0	0
2012	KIT-Kyoto	758	silver	0	0	0	0
2012	Korea_U_Seoul	739	silver	0	0	0	0
2012	Kyoto	797	gold	1	1	0	0
2012	Macquarie_Australia	953	silver	1	1	0	0
2012	Nanjing-China	788	None	0	0	0	0
2012	Nanjing_China_Bio	905	silver	0	0	0	0
2012	NCTU_Formosa	887	gold	1	1	0	0
2012	NTU-Taida	817	gold	1	1	0	0
2012	NYMU-Taipei	896	gold	1	2	0	0
2012	Osaka	941	bronze	0	0	0	0
2012	OUC-China	737	gold	1	3	0	0
2012	Peking	819	gold	1	5	1	0
2012	SEU_A	873	silver	0	0	0	0
2012	SEU_O_China	897	gold	0	0	0	0
2012	Shenzhen	809	gold	0	0	0	0
2012	SJTU-BioX-Shanghai	771	gold	1	4	1	1
2012	SUSTC-Shenzhen-A	767	silver	1	1	0	0
2012	SUSTC-Shenzhen-B	827	gold	1	1	0	0
2012	SYSU-China	806	silver	0	0	0	0
2012	SYSU-Software	893	gold	1	3	0	0
2012	Tianjin	821	gold	1	4	1	0
2012	TMU-Tokyo	749	bronze	0	0	0	0
2012	Tokyo-NoKoGen	769	silver	0	0	0	0
2012	Tokyo_Tech	934	gold	1	2	0	0
2012	Tsinghua	766	gold	0	0	0	0
2012	Tsinghua-A	740	silver	1	1	0	0
2012	Tsinghua-D	837	silver	0	0	0	0
2012	USTC-China	741	gold	0	0	0	0
2012	USTC-Software	742	gold	1	2	0	0
2012	UT-Tokyo	778	silver	0	0	0	0
2012	UT-Tokyo-Software	791	gold	1	3	0	0
2012	VIT_Vellore	728	None	0	0	0	0
2012	WHU-China	861	silver	1	1	0	0
2012	XMU-China	750	gold	1	1	0	0
2012	ZJU-China	738	silver	1	1	0	0
2012	Amsterdam	874	gold	0	0	0	0
2012	Bielefeld-Germany	863	gold	1	1	0	0
2012	Bonn	820	bronze	0	0	0	0
2012	Bordeaux	848	bronze	0	0	0	0
2012	Cambridge	911	gold	1	3	1	0
2012	Chalmers-Gothenburg	753	bronze	0	0	0	0
2012	Copenhagen	770	bronze	0	0	0	0
2012	Dundee	895	gold	0	0	0	0
2012	Edinburgh	917	gold	1	1	0	0
2012	EPF-Lausanne	838	gold	0	0	0	0
2012	ETH_Zurich	909	gold	1	1	0	0
2012	Evry	812	gold	1	3	0	0
2012	Exeter	764	bronze	0	0	0	0
2012	Fatih-Medical	772	bronze	0	0	0	0
2012	Frankfurt	849	bronze	0	0	0	0
2012	Freiburg	747	gold	1	2	0	0
2012	Goettingen	777	gold	0	0	0	0
2012	Grenoble	845	gold	0	1	0	0
2012	Groningen	818	gold	1	9	1	1
2012	Leicester	852	None	0	0	0	0
2012	LMU-Munich	823	gold	1	4	1	0
2012	Lyon-INSA	802	gold	1	1	0	0
2012	Marburg_SYNMIKRO	866	bronze	0	0	0	0
2012	METU	843	bronze	0	0	0	0
2012	NRP-UEA-Norwich	774	gold	0	0	0	0
2012	NTNU_Trondheim	822	gold	0	0	0	0
2012	Paris-Saclay	910	None	0	0	0	0
2012	Paris_Bettencourt	914	gold	1	5	1	0
2012	Potsdam_Bioware	929	gold	1	2	0	0
2012	SDU-Denmark	899	bronze	0	0	0	0
2012	Slovenia	782	gold	1	8	1	0
2012	St_Andrews	925	gold	0	1	0	0
2012	Technion	784	gold	0	0	0	0
2012	Trieste	875	gold	1	1	0	0
2012	TU-Delft	775	gold	1	1	0	0
2012	TU-Eindhoven	881	silver	0	0	0	0
2012	Tuebingen	950	bronze	0	0	0	0
2012	TU_Darmstadt	808	gold	0	0	0	0
2012	TU_Munich	801	gold	1	1	0	0
2012	ULB-Brussels	908	bronze	0	0	0	0
2012	UNITN-Trento	731	gold	1	1	0	0
2012	University_College_London	729	gold	1	2	0	0
2012	Uppsala_University	864	gold	0	0	0	0
2012	UTBC-RDCongo	815	None	0	0	0	0
2012	Valencia	754	bronze	0	0	0	0
2012	Valencia_Biocampus	763	gold	0	0	0	0
2012	Wageningen_UR	883	gold	1	2	0	0
2012	Warsaw	780	bronze	0	0	0	0
2012	Westminster	940	bronze	0	0	0	0
2012	Buenos_Aires	792	bronze	0	1	0	0
2012	Ciencias-UNAM	872	None	0	0	0	0
2012	CINVESTAV-IPN-UNAM_MX	776	gold	0	5	1	0
2012	Colombia	831	gold	0	7	1	1
2012	Costa_Rica-TEC-UNA	836	None	0	0	0	0
2012	Panama_INDICASAT	944	bronze	0	0	0	0
2012	Tec-Monterrey	942	None	0	0	0	0
2012	Tec-Monterrey_EKAM	945	None	0	0	0	0
2012	UANL_Mty-Mexico	888	None	0	0	0	0
2012	UC_Chile	743	gold	0	4	1	0
2012	UNAM_Genomics_Mexico	851	silver	0	2	0	0
2012	USP-UNESP-Brazil	886	silver	0	0	0	0
2012	UTP-Software	951	silver	0	1	0	0
2012	Alberta	879	gold	0	0	0	0
2012	Arizona_State	891	gold	1	2	0	0
2012	Austin_Texas	734	None	1	2	0	0
2012	Berkeley	900	gold	1	4	1	1
2012	BostonU	783	gold	1	1	0	0
2012	British_Columbia	804	gold	0	0	0	0
2012	BYUProvo	833	gold	0	0	0	0
2012	Calgary	902	gold	1	8	1	0
2012	Caltech	773	bronze	0	0	0	0
2012	Carnegie_Mellon	921	gold	1	4	1	0
2012	Clemson	803	None	0	0	0	0
2012	Colorado_State	918	None	0	0	0	0
2012	Columbia-Cooper-NYC	952	bronze	0	0	0	0
2012	Cornell	957	gold	0	4	1	0
2012	CU-Boulder	858	None	0	0	0	0
2012	Duke	954	silver	0	0	0	0
2012	Gaston_Day_School	824	silver	0	0	0	0
2012	GeorgiaState	755	None	0	0	0	0
2012	Georgia_Tech	916	silver	0	0	0	0
2012	IvyTech-South_Bend	935	silver	0	0	0	0
2012	Johns_Hopkins-Software	800	gold	1	3	0	0
2012	Johns_Hopkins-Wetware	799	gold	0	1	0	0
2012	Lethbridge	901	bronze	0	0	0	0
2012	Michigan	880	gold	1	2	0	0
2012	Minnesota	814	silver	0	0	0	0
2012	Missouri_Miners	877	bronze	0	0	0	0
2012	MIT	779	gold	1	1	0	0
2012	Nevada	931	gold	1	1	0	0
2012	Northwestern	912	gold	1	1	0	0
2012	NYC_Hunter	868	None	0	0	0	0
2012	NYC_Hunter_Software	869	None	0	0	0	0
2012	NYU_Gallatin	850	bronze	0	0	0	0
2012	Penn	811	gold	1	4	1	1
2012	Penn_State	933	gold	1	1	0	0
2012	Purdue	932	gold	1	1	0	0
2012	Queens_Canada	781	gold	1	2	0	0
2012	RHIT	840	None	0	0	0	0
2012	Rutgers	787	gold	0	0	0	0
2012	Stanford-Brown	847	gold	1	2	0	0
2012	Toronto	926	None	0	0	0	0
2012	UC-Merced	857	None	0	0	0	0
2012	UConn	919	None	0	0	0	0
2012	UCSF	726	gold	0	0	0	0
2012	UC_Davis	936	gold	1	1	0	0
2012	UGA-Georgia	890	None	0	0	0	0
2012	UIUC-Illinois	865	silver	1	1	0	0
2012	uOttawa_CA	807	bronze	0	0	0	0
2012	USC	842	gold	0	0	0	0
2012	Utah_State	844	gold	1	4	1	0
2012	UTK-Knoxville	813	bronze	0	0	0	0
2012	UT_Dallas	876	silver	0	0	0	0
2012	Virginia	732	silver	1	3	1	0
2012	Washington	892	gold	0	0	0	0
2012	WashU	906	gold	0	0	0	0
2012	Waterloo	790	None	0	0	0	0
2012	Wellesley_HCI	816	gold	1	4	0	0
2012	Wisconsin-Madison	762	gold	1	1	0	0
2012	WLC-Milwaukee	948	None	0	0	0	0
2012	Amplino	949	blocked	0	0	0	0
2012	sentegen	884	blocked	0	0	0	0
2012	UCLondon	943	blocked	0	0	0	0
2012	BIOSINT_Mexico	956	blocked	0	0	0	0
2012	Peru_BioE	922	blocked	0	0	0	0
2012	UANLe_Mexico	859	blocked	0	0	0	0
2012	UTPreneur	937	blocked	0	0	0	0
2012	Alberta-North-RBI_E	960	blocked	0	0	0	0
2012	Arizona_State_E	939	blocked	0	0	0	0
2012	MIT_E	955	blocked	0	0	0	0
2012	UC_Davis_E	920	blocked	0	0	0	0
2012	UIUC_Illinois	898	blocked	0	0	0	0
2012	Washington_U_St_Louis	962	blocked	0	0	0	0
2017	AFCM-Egypt	2217	gold	0	0	0	0
2017	AshesiGhana	2252	silver	0	1	0	0
2017	AHUT_China	2459	None	0	0	0	0
2017	ASIJ_TOKYO	2226	bronze	0	0	0	0
2017	ASTWS-China	2509	None	0	0	0	0
2017	BGIC-Union	2371	silver	0	0	0	0
2017	BIT	2305	gold	0	0	0	0
2017	BIT-China	2368	silver	0	0	0	0
2017	BNDS_China	2326	gold	0	5	0	0
2017	BNU-China	2220	bronze	0	0	0	0
2017	Botchan_Lab_Tokyo	2337	bronze	0	0	0	0
2017	CCU_Taiwan	2292	silver	0	1	0	0
2017	CGU_Taiwan	2376	bronze	0	0	0	0
2017	CIEI-BJ	2281	None	0	0	0	0
2017	CIEI-China	2322	None	0	0	0	0
2017	CMUQ	2467	bronze	0	0	0	0
2017	CPU_CHINA	2506	gold	0	0	0	0
2017	CSMU_NCHU_Taiwan	2382	gold	0	3	0	0
2017	DEIAGRA	2441	bronze	0	0	0	0
2017	ECUST	2308	gold	0	0	0	0
2017	FAFU-CHINA	2384	bronze	0	0	0	0
2017	Fudan	2446	gold	0	4	0	0
2017	Fudan_China	2460	silver	0	0	0	0
2017	Gifu	2438	bronze	0	0	0	0
2017	GZHS-United	2415	gold	0	0	0	0
2017	HBUT-China	2304	silver	0	0	0	0
2017	HFLS_H2Z_Hangzhou	2346	silver	0	0	0	0
2017	HFUT-China	2466	gold	0	0	0	0
2017	HK_SKHLPSS	2219	bronze	0	0	0	0
2017	HokkaidoU_Japan	2414	bronze	0	0	0	0
2017	Hong_Kong-CUHK	2254	gold	0	1	0	0
2017	Hong_Kong_HKU	2202	bronze	0	0	0	0
2017	Hong_Kong_HKUST	2240	gold	0	0	0	0
2017	Hong_Kong_UCCKE	2197	None	0	0	0	0
2017	HUST-China	2336	gold	0	0	0	0
2017	HZAU-China	2381	gold	0	1	0	0
2017	ICT-Mumbai	2479	bronze	0	0	0	0
2017	IISc-Bangalore	2319	gold	0	1	0	0
2017	IISER-Mohali-INDIA	2320	bronze	0	0	0	0
2017	IISER-Pune-India	2258	silver	0	0	0	0
2017	IIT-Madras	2318	silver	0	0	0	0
2017	IIT_Delhi	2525	bronze	0	0	0	0
2017	ITB_Indonesia	2378	bronze	0	0	0	0
2017	Jilin_China	2317	silver	0	0	0	0
2017	JNFLS	2358	bronze	0	0	0	0
2017	KAIT_JAPAN	2335	bronze	0	0	0	0
2017	Kobe	2233	silver	0	0	0	0
2017	KUAS_Korea	2437	bronze	0	0	0	0
2017	Kyoto	2403	silver	0	0	0	0
2017	Lanzhou	2377	bronze	0	0	0	0
2017	Macquarie_Australia	2300	gold	0	2	0	0
2017	Mingdao	2230	gold	0	5	0	0
2017	Nagahama	2256	bronze	0	0	0	0
2017	Nanjing-China	2257	None	0	0	0	0
2017	Nanjing_NFLS	2209	None	0	0	0	0
2017	NAU-CHINA	2365	gold	0	0	0	0
2017	NCKU_Tainan	2275	gold	0	1	0	0
2017	NCTU_Formosa	2262	gold	0	0	0	0
2017	NEFU_China	2302	gold	0	0	0	0
2017	NEU-China	2288	bronze	0	0	0	0
2017	NIPER-Guwahati	2473	None	0	0	0	0
2017	NJU-China	2208	silver	0	0	0	0
2017	NKU_China	2280	gold	0	0	0	0
2017	NPU-China	2347	bronze	0	0	0	0
2017	NTHU_Taiwan	2354	silver	0	0	0	0
2017	NTU_SINGAPORE	2316	gold	0	0	0	0
2017	NUDT_CHINA	2440	gold	0	0	0	0
2017	NUS_Singapore	2447	gold	0	0	0	0
2017	NU_Kazakhstan	2516	gold	0	0	0	0
2017	NWU-CHINA	2399	bronze	0	0	0	0
2017	NYMU-Taipei	2350	gold	0	0	0	0
2017	NYU_Abu_Dhabi	2495	gold	0	0	0	0
2017	NYU_Shanghai	2400	bronze	0	0	0	0
2017	OUC-China	2314	gold	0	1	0	0
2017	Peking	2243	gold	0	1	0	0
2017	Peshawar	2518	silver	0	0	0	0
2017	RDFZ-China	2210	bronze	0	0	0	0
2017	REC-CHENNAI	2338	bronze	0	0	0	0
2017	SCU-WestChina	2334	gold	0	0	0	0
2017	SCUT-China_A	2360	gold	0	0	0	0
2017	SCUT-FSE-CHINA	2325	gold	0	1	0	0
2017	SCU_China	2276	gold	0	0	0	0
2017	SDSZ-China	2239	silver	0	0	0	0
2017	SDU_CHINA	2321	bronze	0	1	0	0
2017	SECA_NZ	2291	None	0	1	0	0
2017	Shanghaitech	2315	gold	0	4	0	0
2017	Shenzhen_SFLS	2200	bronze	0	3	0	0
2017	SHSBNU_China	2507	gold	0	3	0	0
2017	SIAT-SCIE	2472	None	0	0	0	0
2017	SiCAU-China	2311	bronze	0	0	0	0
2017	SJTU-BioX-Shanghai	2285	gold	0	0	0	0
2017	SJTU-Software	2211	bronze	0	0	0	0
2017	SMS_Shenzhen	2224	gold	0	4	0	0
2017	SSTi-SZGD	2244	gold	0	0	0	0
2017	SUIS_Alpha_Shanghai	2216	bronze	0	0	0	0
2017	SUSTech_Shenzhen	2492	gold	0	3	0	0
2017	SVCE_CHENNAI	2379	silver	0	0	0	0
2017	Sydney_Australia	2417	gold	0	1	0	0
2017	SYSU-CHINA	2298	None	0	0	0	0
2017	SYSU-Software	2214	gold	0	3	0	0
2017	SZU-China	2232	gold	0	1	0	0
2017	TAS_Taipei	2229	gold	0	6	1	0
2017	TCFSH_Taiwan	2383	None	0	0	0	0
2017	TECHNION-ISRAEL	2520	gold	0	0	0	0
2017	Tel-Hai	2408	bronze	0	0	0	0
2017	Tianjin	2407	silver	0	0	0	0
2017	TJU_China	2328	None	0	0	0	0
2017	TMMU-China	2279	silver	0	0	0	0
2017	TNCR_Korea	2496	None	0	0	0	0
2017	TokyoTech	2505	gold	0	0	0	0
2017	Tongji_China	2374	silver	0	0	0	0
2017	Tsinghua	2247	gold	0	0	0	0
2017	Tsinghua-A	2250	silver	0	0	0	0
2017	TUST_China	2267	gold	0	0	0	0
2017	UCAS	2287	gold	0	0	0	0
2017	UESTC-China	2286	gold	0	1	0	0
2017	USTC	2242	silver	0	1	0	0
2017	USTC-Software	2241	gold	0	0	0	0
2017	UST_Beijing	2519	bronze	0	0	0	0
2017	WHU-China	2462	silver	0	0	0	0
2017	Worldshaper-Nanjing	2513	None	0	0	0	0
2017	Worldshaper-Wuhan	2514	bronze	0	0	0	0
2017	Worldshaper-XSHS	2512	None	0	1	0	0
2017	XJTLU-CHINA	2309	gold	0	0	0	0
2017	XMU-China	2310	gold	0	0	0	0
2017	ZJU-China	2207	gold	0	0	0	0
2017	ZJUT-China	2277	bronze	0	0	0	0
2017	Aachen	2225	gold	0	2	0	0
2017	Aalto-Helsinki	2342	silver	0	1	0	0
2017	Aix-Marseille	2255	gold	0	0	0	0
2017	Amsterdam	2385	bronze	0	0	0	0
2017	Berlin_diagnostX	2482	gold	0	3	0	0
2017	Bielefeld-CeBiTec	2201	gold	0	6	0	0
2017	Bilkent-UNAMBG	2234	bronze	0	0	0	0
2017	BOKU-Vienna	2294	silver	0	0	0	0
2017	Bordeaux	2307	bronze	0	0	0	0
2017	Bristol	2293	bronze	0	0	0	0
2017	Bulgaria	2515	silver	0	0	0	0
2017	Cardiff_Wales	2404	None	0	1	0	0
2017	Chalmers-Gothenburg	2329	silver	0	0	0	0
2017	CLSB-UK	2206	gold	0	8	0	0
2017	Cologne-Duesseldorf	2271	bronze	0	3	0	0
2017	DTU-Denmark	2355	silver	0	0	0	0
2017	Edinburgh_OG	2330	gold	0	2	0	0
2017	Edinburgh_UG	2406	gold	0	1	0	0
2017	EPFL	2203	gold	0	5	0	0
2017	ETH_Zurich	2500	gold	0	4	0	0
2017	Evry_Paris-Saclay	2448	gold	0	0	0	0
2017	Exeter	2324	gold	0	2	0	0
2017	Franconia	2419	silver	0	0	0	0
2017	Freiburg	2295	gold	0	2	0	0
2017	Glasgow	2442	silver	0	5	0	0
2017	Greece	2364	gold	0	1	0	0
2017	Grenoble-Alpes	2299	gold	0	0	0	0
2017	Groningen	2361	gold	0	0	0	0
2017	Hamburg	2401	silver	0	0	0	0
2017	Heidelberg	2398	gold	0	11	1	0
2017	INSA-UPS_France	2278	gold	0	8	0	0
2017	IONIS-PARIS	2282	gold	0	3	0	0
2017	Judd_UK	2245	silver	0	3	0	0
2017	Kent	2340	bronze	0	1	0	0
2017	KU_Leuven	2263	bronze	0	1	0	0
2017	Linkoping_Sweden	2474	silver	0	0	0	0
2017	Lund	2266	bronze	0	1	0	0
2017	Manchester	2213	gold	0	1	0	0
2017	Moscow_RF	2488	None	0	0	0	0
2017	Munich	2323	gold	0	14	1	0
2017	NAWI_Graz	2348	silver	0	0	0	0
2017	Newcastle	2205	gold	0	4	0	0
2017	NTNU_Trondheim	2265	gold	0	0	0	0
2017	Oxford	2450	gold	0	6	0	0
2017	Paris_Bettencourt	2510	gold	0	0	0	0
2017	Pasteur_Paris	2198	bronze	0	0	0	0
2017	Potsdam	2483	None	0	0	0	0
2017	SDU-Denmark	2449	gold	0	1	0	0
2017	Sheffield	2508	gold	0	0	0	0
2017	Stockholm	2235	gold	0	1	0	0
2017	Stuttgart	2497	bronze	0	0	0	0
2017	Szeged_SA_RMG	2418	None	0	0	0	0
2017	Tartu_TUIT	2349	None	0	0	0	0
2017	TU-Eindhoven	2356	gold	0	1	0	0
2017	TUDelft	2306	gold	0	13	1	0
2017	Tuebingen	2372	bronze	0	0	0	0
2017	TU_Darmstadt	2380	silver	0	0	0	0
2017	TU_Dresden	2273	gold	0	4	0	0
2017	UCC_Ireland	2344	silver	0	0	0	0
2017	UCL	2332	gold	0	0	0	0
2017	UCLouvain	2341	bronze	0	0	0	0
2017	UCopenhagen	2455	bronze	0	0	0	0
2017	UiOslo_Norway	2424	bronze	0	0	0	0
2017	UNIFI	2343	silver	0	0	0	0
2017	UNOTT	2284	bronze	0	0	0	0
2017	UPMC_PARIS	2504	None	0	0	0	0
2017	Uppsala	2423	gold	0	1	0	0
2017	Utrecht	2351	gold	0	1	0	0
2017	Valencia_UPV	2269	gold	0	3	0	0
2017	Vilnius-Lithuania	2259	gold	0	9	1	0
2017	Wageningen_UR	2387	gold	0	8	0	0
2017	Warwick	2463	bronze	0	0	0	0
2017	Westminster_UK	2420	None	0	0	0	0
2017	York	2489	bronze	0	0	0	0
2017	Amazonas_Brazil	2457	silver	0	0	0	0
2017	AQA_Unesp	2270	gold	0	0	0	0
2017	ColegioFDR_Peru	2498	None	0	0	0	0
2017	PASantiago_Chile	2454	None	0	0	0	0
2017	Tec-Chihuahua	2471	gold	0	0	0	0
2017	TecCEM	2246	gold	0	0	0	0
2017	TecMonterrey_GDA	2434	bronze	0	0	0	0
2017	UChile_Biotec	2289	None	0	0	0	0
2017	UChile_OpenBio-CeBiB	2425	None	0	0	0	0
2017	USP-Brazil	2486	gold	0	0	0	0
2017	Arizona_State	2357	gold	0	2	0	0
2017	Austin_UTexas	2253	gold	0	0	0	0
2017	Austin_UTexas_LASA	2458	bronze	0	0	0	0
2017	Baltimore_Bio-Crew	2436	bronze	0	0	0	0
2017	BostonU	2411	silver	0	0	0	0
2017	BostonU_HW	2409	gold	0	1	0	0
2017	British_Columbia	2433	silver	0	2	0	0
2017	Cadets2Vets	2248	bronze	0	0	0	0
2017	Calgary	2260	gold	0	1	0	0
2017	CAPS_Kansas	2465	None	0	0	0	0
2017	CCA_San_Diego	2491	None	0	4	0	0
2017	ColumbiaNYC	2412	silver	0	0	0	0
2017	Cornell	2296	gold	0	1	0	0
2017	CSU_Fort_Collins	2204	None	0	0	0	0
2017	CU-Boulder	2249	silver	0	0	0	0
2017	Dalhousie	2331	bronze	0	0	0	0
2017	Dartmouth	2435	None	0	0	0	0
2017	Delaware	2444	None	0	0	0	0
2017	Duke	2464	None	0	0	0	0
2017	East_Chapel_Hill	2290	None	0	2	0	0
2017	Emory	2487	bronze	0	0	0	0
2017	EpiphanyNYC	2511	bronze	0	0	0	0
2017	Florida_Atlantic	2523	bronze	0	0	0	0
2017	FSU	2367	bronze	0	0	0	0
2017	Gaston_Day_School	2221	None	0	0	0	0
2017	Georgia_State	2524	silver	0	2	0	0
2017	Harvard	2251	bronze	0	0	0	0
2017	iTesla-SoundBio	2363	bronze	0	0	0	0
2017	Kingsborough_NY	2268	bronze	0	0	0	0
2017	Lambert_GA	2353	bronze	0	0	0	0
2017	Lethbridge	2443	gold	0	3	0	0
2017	Lethbridge_HS	2481	silver	0	0	0	0
2017	LUBBOCK_TTU	2478	bronze	0	0	0	0
2017	ManhattanCol_Bronx	2238	bronze	0	0	0	0
2017	McMasterU	2470	bronze	0	0	0	0
2017	McMaster_II	2493	bronze	0	0	0	0
2017	Michigan	2301	bronze	0	0	0	0
2017	Michigan_Software	2274	gold	0	0	0	0
2017	Minnesota	2375	None	0	0	0	0
2017	Missouri_Rolla	2362	silver	0	0	0	0
2017	MIT	2429	bronze	0	0	0	0
2017	MSU-Michigan	2405	silver	0	0	0	0
2017	NortheasternU-Boston	2431	bronze	0	0	0	0
2017	Northwestern	2396	silver	0	0	0	0
2017	Penn	2456	None	0	0	0	0
2017	Pittsburgh	2476	silver	0	0	0	0
2017	Princeton	2432	None	0	0	0	0
2017	Purdue	2228	silver	0	0	0	0
2017	Queens_Canada	2484	gold	0	0	0	0
2017	RHIT	2390	None	0	0	0	0
2017	Rice	2194	gold	0	1	0	0
2017	RPI_Troy_NY	2503	bronze	0	0	0	0
2017	Stanford-Brown	2485	bronze	0	0	0	0
2017	Stony_Brook	2196	bronze	0	0	0	0
2017	Toronto	2469	bronze	0	0	0	0
2017	TP-CC_San_Diego	2369	None	0	0	0	0
2017	UAlberta	2389	gold	0	0	0	0
2017	UChicago	2428	bronze	0	0	0	0
2017	UConn	2386	bronze	0	0	0	0
2017	UCSC	2223	bronze	0	1	0	0
2017	UC_San_Diego	2212	bronze	0	0	0	0
2017	UFlorida	2352	None	0	0	0	0
2017	UGA-Georgia	2392	bronze	0	0	0	0
2017	UIOWA	2427	bronze	0	0	0	0
2017	UIUC_Illinois	2468	None	0	0	0	0
2017	ULaVerne_Collab	2215	None	0	0	0	0
2017	UMaryland	2477	bronze	0	1	0	0
2017	UNBC-Canada	2236	bronze	0	0	0	0
2017	UNC-Asheville	2499	None	0	0	0	0
2017	UNebraska-Lincoln	2461	gold	0	0	0	0
2017	uOttawa	2327	silver	0	0	0	0
2017	UrbanTundra_Edmonton	2397	bronze	0	0	0	0
2017	USMA-West_Point	2222	bronze	0	0	0	0
2017	USNA_Annapolis	2199	None	0	0	0	0
2017	US_AFRL_CarrollHS	2522	gold	0	0	0	0
2017	UT-Knoxville	2451	None	0	0	0	0
2017	U_of_Guelph	2490	None	0	0	0	0
2017	Virginia	2272	gold	0	2	0	0
2017	Washington	2391	silver	0	0	0	0
2017	WashU_StLouis	2195	gold	0	2	0	0
2017	Waterloo	2475	None	0	0	0	0
2017	William_and_Mary	2333	gold	0	9	1	0
2017	WLC-Milwaukee	2452	bronze	0	0	0	0
2018	AFCM-Egypt	2534	silver	0	0	0	0
2018	Makerere_University	2714	None	0	0	0	0
2018	ACIBADEM_ISTANBUL	2815	bronze	0	0	0	0
2018	AHUT_China	2547	silver	0	0	0	0
2018	ASIJ_Tokyo	2562	silver	0	0	0	0
2018	ASTWS-China	2826	gold	0	0	0	0
2018	Auckland_MOD	2642	None	0	0	0	0
2018	BCU	2567	bronze	0	0	0	0
2018	BFSUICC-China	2555	silver	0	0	0	0
2018	BGIC-Global	2728	silver	0	0	0	0
2018	BioMarvel	2885	silver	0	4	1	0
2018	BIT	2708	gold	0	0	0	0
2018	BIT-China	2765	gold	0	0	0	0
2018	BJRS_China	2833	gold	0	0	0	0
2018	BNDS_CHINA	2548	silver	0	2	0	0
2018	BNU-China	2717	silver	0	0	0	0
2018	Botchan_Lab_Tokyo	2786	silver	0	0	0	0
2018	BUCT-China	2782	bronze	0	0	0	0
2018	CCU_Taiwan	2809	gold	0	2	0	0
2018	CDHSU-CHINA	2726	bronze	0	0	0	0
2018	CIEI-BJ	2631	silver	0	0	0	0
2018	CMUQ	2872	None	0	0	0	0
2018	CPU_CHINA	2624	gold	0	0	0	0
2018	CSU_CHINA	2580	silver	0	0	0	0
2018	DLUT_China	2752	None	0	0	0	0
2018	DLUT_China_B	2772	silver	0	1	0	0
2018	ECUST	2737	gold	0	0	0	0
2018	FJNU-China	2570	gold	0	0	0	0
2018	Fudan	2549	silver	0	0	0	0
2018	Fudan-CHINA	2886	bronze	0	0	0	0
2018	GDSYZX	2585	bronze	0	0	0	0
2018	Gifu	2798	bronze	0	0	0	0
2018	GreatBay_China	2753	gold	0	12	1	1
2018	GZHS-United	2840	bronze	0	0	0	0
2018	H14Z1_Hangzhou	2856	silver	0	1	0	0
2018	HAFS	2859	bronze	0	3	0	0
2018	HBUT-China	2652	silver	0	0	0	0
2018	HebrewU	2667	gold	0	3	0	0
2018	HFLS_ZhejiangUnited	2890	silver	0	0	0	0
2018	HKJS_S	2720	bronze	0	0	0	0
2018	HK_HCY_LFC	2618	bronze	0	0	0	0
2018	Hong_Kong-CUHK	2582	gold	0	0	0	0
2018	Hong_Kong_HKU	2592	gold	0	1	0	0
2018	Hong_Kong_HKUST	2764	gold	0	0	0	0
2018	Hong_Kong_JSS	2578	bronze	0	0	0	0
2018	HUBU-Wuhan	2800	silver	0	0	0	0
2018	HUST-China	2533	silver	0	0	0	0
2018	HZAU-China	2632	gold	0	0	0	0
2018	ICT-Mumbai	2802	bronze	0	0	0	0
2018	IISc-Bangalore	2609	gold	0	1	0	0
2018	IISER-Bhopal-India	2790	bronze	0	0	0	0
2018	IISER-Kolkata	2773	gold	0	0	0	0
2018	IISER-Mohali	2743	bronze	0	1	0	0
2018	IIT-Madras	2857	gold	0	0	0	0
2018	IIT_Delhi	2814	bronze	0	0	0	0
2018	IIT_Kanpur	2874	silver	0	0	0	0
2018	Jiangnan	2568	gold	0	0	0	0
2018	Jiangnan_China	2606	silver	0	0	0	0
2018	Jilin_China	2541	gold	0	2	0	0
2018	JNFLS	2608	bronze	0	0	0	0
2018	KAIT_JAPAN	2821	bronze	0	0	0	0
2018	KUAS_Korea	2564	bronze	0	0	0	0
2018	Kyoto	2665	silver	0	0	0	0
2018	LACAS_BioBots	2701	None	0	0	0	0
2018	LZU-CHINA	2796	gold	0	3	0	0
2018	Macquarie_Australia	2664	bronze	0	0	0	0
2018	Melbourne	2681	None	0	0	0	0
2018	Mingdao	2543	gold	0	2	0	0
2018	Nanjing-China	2740	gold	0	0	0	0
2018	Nanjing_NFLS	2597	bronze	0	0	0	0
2018	NAU-CHINA	2557	gold	0	0	0	0
2018	NCHU_Taichung	2546	gold	0	0	0	0
2018	NCKU_Tainan	2762	gold	0	6	1	0
2018	NCTU_Formosa	2599	silver	0	1	0	0
2018	NEFU_China	2542	gold	0	1	0	0
2018	NEU_China_A	2817	gold	0	0	0	0
2018	NEU_China_B	2824	silver	0	0	0	0
2018	NJU-China	2781	bronze	0	0	0	0
2018	NKU_CHINA	2705	gold	0	4	0	0
2018	NPU-China	2707	silver	0	0	0	0
2018	NTHU_Formosa	2635	gold	0	2	0	0
2018	NTHU_Taiwan	2774	None	0	0	0	0
2018	NTU-Singapore	2818	gold	0	2	0	0
2018	NUDT_CHINA	2653	None	0	0	0	0
2018	NUS_Singapore-A	2819	gold	0	3	0	0
2018	NUS_Singapore-Sci	2807	bronze	0	0	0	0
2018	NU_Kazakhstan	2896	gold	0	1	0	0
2018	NWU-China	2544	bronze	0	0	0	0
2018	NYMU-Taipei	2751	gold	0	1	0	0
2018	NYU_Abu_Dhabi	2808	gold	0	2	1	0
2018	OUC-China	2615	gold	0	2	0	0
2018	Peking	2601	gold	0	3	0	0
2018	RDFZ-China	2572	gold	0	0	0	0
2018	REC-CHENNAI	2645	bronze	0	0	0	0
2018	Ruia-Mumbai	2749	gold	0	3	0	0
2018	SCAU-China	2559	silver	0	0	0	0
2018	SCU-China	2611	silver	0	0	0	0
2018	SCUT-ChinaA	2733	bronze	0	0	0	0
2018	SCUT_ChinaB	2763	None	0	0	0	0
2018	SDSZ_China	2553	bronze	0	1	0	0
2018	SDU-CHINA	2627	gold	0	0	0	0
2018	SFLS_Shenzhen	2816	None	0	0	0	0
2018	ShanghaiTech	2787	gold	0	0	0	0
2018	SHPH-Shanghai	2745	bronze	0	0	0	0
2018	SHSBNU_China	2684	gold	0	0	0	0
2018	SHSID_China	2836	bronze	0	0	0	0
2018	SHSU_China	2794	silver	0	0	0	0
2018	SIAT-SCIE	2830	bronze	0	0	0	0
2018	SJTU-BioX-Shanghai	2552	gold	0	1	0	0
2018	SJTU-software	2704	silver	0	0	0	0
2018	SKLMT-China	2569	bronze	0	0	0	0
2018	SMMU-China	2865	silver	0	0	0	0
2018	SMS_Shenzhen	2551	bronze	0	0	0	0
2018	SSHS-Shenzhen	2878	silver	0	0	0	0
2018	SSTi-SZGD	2593	bronze	0	0	0	0
2018	SUIS_Shanghai	2690	bronze	0	1	0	0
2018	SUSTech_Shenzhen	2591	silver	0	0	0	0
2018	SYSU-CHINA	2748	gold	0	3	0	0
2018	SYSU-Software	2750	silver	0	0	0	0
2018	SZU-China	2788	gold	0	8	1	0
2018	TAS_Taipei	2539	gold	0	9	1	0
2018	Tianjin	2637	None	0	0	0	0
2018	TJU_China	2644	bronze	0	0	0	0
2018	Tokyo_Tech	2729	bronze	0	0	0	0
2018	Tongji-Software	2863	gold	0	0	0	0
2018	Tongji_China	2730	bronze	0	0	0	0
2018	Tsinghua	2558	gold	0	1	0	0
2018	Tsinghua-A	2583	gold	0	0	0	0
2018	TUST_China	2685	silver	0	0	0	0
2018	UCAS-China	2598	gold	0	1	0	0
2018	UESTC-China	2617	gold	0	1	0	0
2018	UESTC-Software	2646	gold	0	2	0	0
2018	UI_Indonesia	2607	gold	0	0	0	0
2018	UNSW_Australia	2710	gold	0	2	0	0
2018	USTC	2768	bronze	0	0	0	0
2018	USTC-Software	2769	silver	0	0	0	0
2018	UST_Beijing	2537	bronze	0	0	0	0
2018	VIT_Vellore	2775	bronze	0	0	0	0
2018	WHU-China	2789	gold	0	0	0	0
2018	Worldshaper-Wuhan	2889	bronze	0	0	0	0
2018	Worldshaper-XSHS	2827	silver	0	0	0	0
2018	XJTLU-CHINA	2619	silver	0	0	0	0
2018	XJTU-China	2791	gold	0	0	0	0
2018	XMU-China	2623	gold	0	0	0	0
2018	ZJU-China	2721	gold	0	0	0	0
2018	ZJUT-China	2556	gold	0	0	0	0
2018	Aachen	2702	gold	0	1	0	0
2018	Aalto-Helsinki	2647	gold	0	1	0	0
2018	Aix-Marseille	2718	gold	0	0	0	0
2018	Athens	2709	bronze	0	0	0	0
2018	BGU_Israel	2538	gold	0	1	0	0
2018	Bielefeld-CeBiTec	2638	gold	0	1	0	0
2018	Bilkent-UNAMBG	2759	silver	0	0	0	0
2018	BioIQS-Barcelona	2879	bronze	0	0	0	0
2018	BOKU-Vienna	2670	bronze	0	0	0	0
2018	Bordeaux	2636	None	0	0	0	0
2018	Bulgaria	2847	bronze	0	0	0	0
2018	Cardiff_Wales	2810	gold	0	1	0	0
2018	Chalmers-Gothenburg	2625	gold	0	1	0	0
2018	DTU-Denmark	2799	bronze	0	0	0	0
2018	Duesseldorf	2587	gold	0	1	0	0
2018	Edinburgh_OG	2739	gold	0	0	0	0
2018	Edinburgh_UG	2725	gold	0	1	0	0
2018	EPFL	2686	gold	0	2	0	0
2018	ETH_Zurich	2845	gold	0	6	1	0
2018	Evry_Paris-Saclay	2675	gold	0	1	0	0
2018	Exeter	2695	gold	0	0	0	0
2018	FAU_Erlangen	2641	bronze	0	0	0	0
2018	Goettingen	2586	gold	0	1	0	0
2018	GO_Paris-Saclay	2688	gold	0	0	0	0
2018	Grenoble-Alpes	2629	bronze	0	1	0	0
2018	Groningen	2783	gold	0	5	0	0
2018	Hamburg	2588	gold	0	0	0	0
2018	HSHL	2639	None	0	0	0	0
2018	Imperial_College	2862	gold	0	0	0	0
2018	JMU_Wuerzburg	2614	silver	0	0	0	0
2018	KCL_UK	2595	silver	0	0	0	0
2018	Leiden	2610	gold	0	7	1	0
2018	Linkoping_Sweden	2671	silver	0	0	0	0
2018	Lund	2602	gold	0	0	0	0
2018	Madrid-OLM	2792	silver	0	1	0	0
2018	Manchester	2613	bronze	0	0	0	0
2018	Marburg	2560	gold	0	13	1	1
2018	METU_HS_Ankara	2571	silver	0	5	1	0
2018	Montpellier	2666	gold	0	1	0	0
2018	Munich	2722	bronze	0	9	1	0
2018	Navarra_BG	2687	None	0	3	0	0
2018	NAWI_Graz	2850	bronze	0	0	0	0
2018	Newcastle	2797	gold	0	1	0	0
2018	Nottingham	2715	gold	0	1	0	0
2018	NTNU_Trondheim	2754	gold	0	1	0	0
2018	Oxford	2757	gold	0	4	0	0
2018	Paris_Bettencourt	2738	gold	0	2	0	0
2018	Pasteur_Paris	2616	gold	0	1	0	0
2018	Rheda_Bielefeld	2655	bronze	0	0	0	0
2018	Rotterdam_HR	2604	bronze	0	0	0	0
2018	Saint_Joseph	2897	bronze	0	0	0	0
2018	Sorbonne_U_Paris	2703	bronze	0	0	0	0
2018	Stockholm	2835	gold	0	7	0	0
2018	Stuttgart	2848	gold	0	0	0	0
2018	St_Andrews	2844	bronze	0	0	0	0
2018	Tartu_TUIT	2576	silver	0	0	0	0
2018	Thessaloniki	2839	silver	0	0	0	0
2018	Toulouse-INSA-UPS	2668	gold	0	2	0	0
2018	TU-Eindhoven	2812	gold	0	2	0	0
2018	TUDelft	2643	gold	0	9	1	0
2018	Tuebingen	2689	silver	0	0	0	0
2018	TU_Darmstadt	2770	silver	0	1	0	0
2018	UCL	2842	silver	0	0	0	0
2018	UCLouvain	2654	bronze	0	0	0	0
2018	UCopenhagen	2871	gold	0	1	0	0
2018	UiOslo_Norway	2711	gold	0	2	0	0
2018	UPF_CRG_Barcelona	2581	gold	0	4	0	0
2018	Uppsala	2669	gold	0	0	0	0
2018	Utrecht	2736	bronze	0	2	0	0
2018	Valencia_UPV	2656	gold	0	10	1	1
2018	Vilnius-Lithuania	2622	bronze	0	2	0	0
2018	Vilnius-Lithuania-OG	2621	gold	0	4	0	0
2018	Warwick	2841	gold	0	0	0	0
2018	Westminster_UK	2626	silver	0	0	0	0
2018	ColegioFDR_Peru	2758	None	0	0	0	0
2018	Ecuador	2804	silver	0	0	0	0
2018	Tec-Chihuahua	2834	gold	0	3	0	0
2018	Tec-Monterrey	2761	silver	0	0	0	0
2018	TecCEM	2719	gold	0	4	0	0
2018	TecMonterrey_GDL	2760	bronze	0	0	0	0
2018	UChile_Biotec	2723	bronze	0	0	0	0
2018	Unesp_Brazil	2660	gold	0	3	0	0
2018	USP-Brazil	2771	silver	0	1	0	0
2018	USP-EEL-Brazil	2603	bronze	0	0	0	0
2018	Austin_LASA	2877	bronze	0	0	0	0
2018	Austin_UTexas	2657	bronze	0	0	0	0
2018	Baltimore_BioCrew	2893	bronze	0	1	0	0
2018	Bio_Without_Borders	2860	bronze	0	0	0	0
2018	BostonU	2805	silver	0	0	0	0
2018	BostonU_HW	2661	gold	0	2	0	0
2018	British_Columbia	2700	bronze	0	0	0	0
2018	BrockU	2811	bronze	0	0	0	0
2018	Calgary	2605	gold	0	1	0	0
2018	CCA-San_Diego	2566	bronze	0	0	0	0
2018	Claremont	2892	None	0	0	0	0
2018	ColumbiaNYC	2846	None	0	0	0	0
2018	Cornell	2561	bronze	0	0	0	0
2018	CO_Mines	2880	bronze	0	0	0	0
2018	CSU_Fort_Collins	2727	bronze	0	0	0	0
2018	CU-Boulder	2674	bronze	0	0	0	0
2018	CUNY_Kingsborough	2648	None	0	0	0	0
2018	Dalhousie_Halifax_NS	2803	silver	0	1	0	0
2018	DNHS_SanDiego	2630	bronze	0	0	0	0
2018	Duke	2837	None	0	0	0	0
2018	East_Chapel_Hill	2843	bronze	0	0	0	0
2018	Emory	2679	bronze	0	0	0	0
2018	FSU	2832	None	0	0	0	0
2018	Gaston_Day_School	2536	bronze	0	0	0	0
2018	Georgia_State	2640	silver	0	0	0	0
2018	Harvard	2895	None	0	0	0	0
2018	Hawaii	2574	bronze	0	0	0	0
2018	iTesla-SoundBio	2563	bronze	0	0	0	0
2018	Lambert_GA	2550	gold	0	9	1	0
2018	Lethbridge	2683	gold	0	0	0	0
2018	Lethbridge_HS	2692	silver	0	1	0	0
2018	Lubbock_TTU	2697	bronze	0	0	0	0
2018	McGill	2767	bronze	0	0	0	0
2018	McMaster	2658	bronze	0	0	0	0
2018	Michigan	2813	bronze	0	0	0	0
2018	MichiganState	2633	bronze	0	0	0	0
2018	Minnesota	2873	None	0	0	0	0
2018	Missouri_Rolla	2678	bronze	0	0	0	0
2018	MIT	2649	bronze	0	0	0	0
2018	NDC-HighRiverAB	2694	silver	0	0	0	0
2018	New_York_City	2831	bronze	0	0	0	0
2018	Northwestern	2806	bronze	0	0	0	0
2018	OLS_Canmore_Canada	2650	None	0	1	0	0
2018	Pittsburgh	2785	silver	0	0	0	0
2018	Pittsburgh_CSL	2565	bronze	0	0	0	0
2018	Purdue	2696	bronze	0	0	0	0
2018	Queens_Canada	2612	gold	0	5	0	0
2018	RHIT	2716	bronze	0	0	0	0
2018	Rice	2540	gold	0	2	0	0
2018	RMHS_Maryland	2741	bronze	0	0	0	0
2018	SBS_SH_112144	2888	silver	0	0	0	0
2018	Stanford	2876	silver	0	0	0	0
2018	Stanford-Brown-RISD	2868	bronze	0	2	0	0
2018	Stony_Brook	2596	gold	0	1	0	0
2018	Tacoma_RAINmakers	2673	bronze	0	1	0	0
2018	Toronto	2699	silver	0	0	0	0
2018	TPHS_San_Diego	2590	bronze	0	0	0	0
2018	Tufts	2875	bronze	0	0	0	0
2018	UAlberta	2779	gold	0	2	0	0
2018	UChicago	2780	silver	0	0	0	0
2018	UConn	2706	bronze	0	0	0	0
2018	UCSC	2628	None	0	0	0	0
2018	UC_Davis	2869	gold	0	2	0	0
2018	UC_San_Diego	2881	gold	0	8	1	0
2018	UFlorida	2677	silver	0	0	0	0
2018	UGA	2575	bronze	0	0	0	0
2018	UIOWA	2712	bronze	0	0	0	0
2018	UIUC_Illinois	2828	bronze	0	0	0	0
2018	ULaval	2672	bronze	0	0	0	0
2018	ULaVerne_Collab	2651	None	0	0	0	0
2018	UMaryland	2825	gold	0	0	0	0
2018	UMass_Dartmouth	2858	None	0	0	0	0
2018	UNebraska-Lincoln	2662	silver	0	1	0	0
2018	UofGuelph	2777	None	0	0	0	0
2018	USAFA	2732	bronze	0	0	0	0
2018	USMA-West_Point	2838	bronze	0	0	0	0
2018	US_AFRL_CarrollHS	2594	bronze	0	0	0	0
2018	UT-Knoxville	2742	silver	0	0	0	0
2018	Virginia	2535	bronze	0	1	0	0
2018	Washington	2682	silver	0	0	0	0
2018	WashU_StLouis	2663	bronze	0	1	0	0
2018	Waterloo	2573	silver	0	0	0	0
2018	William_and_Mary	2680	gold	0	0	0	0
2018	WLC-Milwaukee	2589	bronze	0	0	0	0
2018	WPI_Worcester	2577	silver	0	0	0	0